1,1,151,20:45,6
2,2,275,09:45,14
3,2,145,17:15,1
4,1,649,12:30,8
5,2,65,21:35,2
6,2,603,09:40,12
7,1,233,21:20,1
8,2,272,18:50,14
9,2,231,14:05,4
10,2,514,18:05,10
11,2,56,09:05,11
12,1,181,17:20,2
13,2,258,07:15,8
14,1,359,07:10,8
15,2,470,21:00,5
16,1,303,20:40,3
17,2,238,17:50,9
18,2,543,16:05,6
19,2,657,08:20,4
20,1,82,08:00,8
21,2,332,20:10,12
22,1,643,20:35,12
23,1,210,14:05,1
24,1,585,08:30,11
25,2,16,15:25,13
26,2,136,19:05,4
27,1,650,13:10,9
28,2,252,10:25,12
29,2,105,19:20,2
30,1,463,15:15,1
31,2,302,19:15,3
32,1,446,18:25,7
33,2,556,14:05,1
34,2,107,10:35,5
35,1,206,19:30,2
36,1,257,12:25,8
37,2,144,11:20,10
38,2,156,21:00,10
39,2,40,14:10,9
40,2,505,19:25,6
41,1,29,20:50,12
42,2,483,13:30,11
43,2,16,11:00,4
44,1,404,17:35,3
45,2,446,20:05,2
46,1,31,14:45,4
47,2,103,19:30,14
48,1,227,17:00,5
49,1,662,08:00,10
50,2,547,16:00,4
51,1,494,20:10,6
52,2,536,13:20,5
53,1,596,08:55,11
54,1,331,09:50,12
55,1,38,17:50,8
56,1,487,09:00,7
57,1,444,12:50,4
58,2,303,15:05,13
59,1,17,19:55,7
60,2,403,10:20,10
61,1,202,19:30,6
62,2,603,18:40,3
63,2,427,13:25,14
64,1,311,21:20,10
65,1,264,20:25,5
66,2,448,18:00,4
67,2,299,10:45,12
68,1,600,20:20,2
69,1,36,12:35,14
70,1,224,11:00,7
71,2,75,20:20,9
72,1,364,08:20,7
73,2,25,15:15,3
74,1,665,19:30,12
75,1,592,14:35,6
76,1,258,09:15,8
77,2,424,20:25,6
78,1,454,14:05,4
79,2,421,16:15,4
80,1,383,09:40,6
81,2,113,21:05,14
82,1,408,09:30,11
83,2,315,17:50,2
84,2,362,13:25,8
85,2,663,07:15,12
86,1,71,21:15,11
87,2,263,16:05,4
88,2,630,18:55,3
89,2,218,13:00,2
90,2,426,20:05,4
91,1,198,16:05,10
92,2,323,10:25,5
93,1,238,15:10,8
94,1,202,17:10,2
95,2,645,12:00,14
96,2,546,20:15,7
97,1,204,20:35,10
98,2,370,18:55,1
99,1,481,11:05,7
100,2,490,16:40,11
101,1,254,16:00,14
102,2,647,11:20,1
103,1,190,10:20,3
104,2,653,07:00,9
105,2,597,18:25,14
106,1,480,08:50,4
107,1,314,08:35,11
108,2,10,11:15,11
109,2,251,21:20,7
110,2,306,18:40,6
111,2,515,08:20,2
112,2,18,17:25,9
113,2,134,20:10,9
114,1,484,18:45,7
115,2,505,10:10,2
116,2,452,09:50,14
117,1,396,21:15,8
118,1,602,10:20,4
119,1,36,08:20,1
120,1,266,08:20,8
121,1,407,21:55,5
122,2,566,12:15,7
123,1,628,19:15,6
124,2,130,18:20,2
125,2,162,19:20,5
126,1,274,21:20,9
127,1,599,16:30,14
128,2,205,14:20,2
129,2,259,09:05,1
130,1,544,10:10,5
131,2,163,12:05,13
132,1,1,20:15,9
133,2,653,19:05,8
134,2,411,20:45,11
135,2,464,20:15,3
136,1,68,21:30,11
137,1,157,16:40,10
138,2,296,11:10,2
139,2,253,13:20,3
140,2,65,11:25,13
141,2,209,14:30,9
142,2,104,19:15,5
143,2,442,12:20,1
144,1,155,13:35,6
145,2,40,12:05,1
146,1,339,19:35,7
147,1,584,11:35,4
148,1,404,08:10,13
149,2,314,19:25,8
150,1,583,18:25,2
151,2,343,20:15,4
152,2,85,19:30,12
153,2,334,08:30,3
154,2,363,08:55,3
155,1,306,18:25,11
156,2,45,15:15,1
157,1,305,18:35,7
158,2,7,13:25,6
159,2,311,16:05,9
160,1,562,20:50,2
161,1,229,12:00,2
162,1,512,10:30,14
163,2,325,11:45,13
164,1,141,14:25,13
165,2,196,16:25,5
166,2,482,15:20,1
167,2,233,21:00,6
168,1,13,18:45,4
169,2,139,11:30,12
170,2,558,17:00,12
171,2,396,15:40,10
172,2,599,07:15,13
173,2,442,22:25,3
174,2,381,11:40,7
175,2,468,22:20,1
176,2,164,15:30,3
177,2,110,15:20,7
178,2,140,11:15,2
179,2,277,14:15,12
180,1,571,10:05,4
181,1,320,18:20,8
182,2,541,09:00,4
183,1,434,07:25,7
184,2,107,16:30,3
185,1,436,18:05,1
186,2,304,10:20,10
187,1,98,07:15,10
188,2,587,07:25,2
189,1,54,22:30,9
190,2,318,20:00,12
191,1,4,17:15,12
192,2,196,14:15,9
193,2,518,11:30,7
194,2,105,15:15,10
195,2,185,20:10,3
196,2,467,09:10,9
197,2,53,16:35,6
198,2,173,17:00,13
199,1,8,09:55,5
200,1,319,17:45,9
201,2,235,18:35,9
202,2,523,21:50,4
203,2,85,12:40,7
204,1,353,22:10,1
205,2,140,22:10,11
206,1,659,21:30,6
207,2,405,20:10,2
208,2,92,12:55,5
209,2,298,19:45,9
210,1,217,10:40,14
211,2,612,12:30,8
212,1,415,14:15,11
213,2,374,19:45,2
214,2,169,17:30,2
215,2,483,21:10,8
216,2,355,10:35,4
217,2,385,21:25,12
218,2,355,09:35,9
219,1,612,12:30,13
220,2,528,09:50,12
221,2,326,21:15,7
222,1,273,14:05,3
223,1,212,17:30,13
224,2,328,20:40,14
225,1,367,15:25,12
226,1,31,10:10,7
227,1,19,09:35,7
228,1,129,18:45,13
229,1,261,12:30,4
230,2,640,08:25,11
231,2,605,16:40,14
232,2,518,13:10,3
233,1,291,10:30,14
234,1,464,15:15,6
235,1,319,11:00,6
236,2,124,14:55,8
237,2,54,14:15,10
238,2,410,20:50,5
239,1,50,22:15,4
240,1,358,09:00,5
241,1,47,19:20,5
242,2,270,18:55,11
243,2,218,13:20,13
244,1,54,11:25,13
245,2,622,17:00,2
246,2,194,20:05,9
247,1,299,08:05,2
248,2,380,17:15,9
249,1,63,15:30,4
250,2,522,12:35,7
251,1,38,12:50,7
252,2,234,16:30,4
253,1,347,08:45,13
254,1,113,13:20,12
255,2,59,17:05,11
256,1,359,07:40,3
257,2,54,16:30,14
258,2,450,10:05,1
259,1,303,10:15,5
260,2,299,13:25,1
261,2,40,11:10,3
262,2,445,14:05,9
263,2,379,19:25,5
264,1,307,15:10,6
265,1,338,08:00,1
266,2,666,15:25,5
267,1,502,07:30,6
268,1,175,16:25,14
269,1,395,07:10,10
270,1,370,15:10,9
271,1,665,19:55,2
272,2,148,10:45,7
273,2,482,11:20,14
274,1,398,09:35,9
275,2,256,10:00,4
276,1,532,13:30,7
277,1,87,22:00,9
278,1,81,09:35,9
279,2,212,15:40,2
280,1,55,19:45,1
281,2,545,08:25,10
282,2,200,21:20,1
283,2,70,07:20,6
284,2,189,10:25,6
285,2,149,13:20,2
286,2,270,20:05,2
287,1,250,16:50,5
288,2,413,07:30,9
289,2,87,15:05,11
290,1,645,10:30,9
291,1,128,13:30,8
292,2,118,15:10,8
293,1,99,19:20,4
294,2,568,11:15,12
295,1,664,09:35,8
296,2,176,10:20,3
297,2,601,14:05,12
298,2,454,07:45,10
299,1,329,14:40,9
300,2,157,18:20,10
301,1,41,15:35,6
302,2,255,15:30,8
303,1,166,19:20,11
304,1,34,08:30,14
305,1,232,19:50,1
306,2,510,21:00,4
307,2,368,14:30,6
308,2,409,07:05,7
309,1,335,11:35,9
310,2,175,07:55,9
311,1,218,20:10,7
312,2,14,09:30,2
313,1,309,18:50,2
314,1,365,19:45,2
315,1,637,17:20,5
316,2,655,07:00,4
317,1,469,16:25,3
318,2,244,20:25,13
319,1,29,16:15,9
320,1,454,15:25,6
321,1,469,10:30,4
322,1,315,16:15,11
323,2,618,15:00,10
324,2,254,20:15,2
325,1,619,15:35,1
326,2,35,20:40,2
327,1,393,12:25,14
328,2,657,17:15,9
329,2,93,14:50,7
330,1,626,13:35,6
331,1,445,12:40,6
332,2,205,12:55,10
333,2,231,21:00,4
334,1,455,20:05,1
335,2,431,07:15,5
336,1,155,08:35,13
337,1,19,17:55,4
338,2,343,17:40,11
339,1,291,14:40,11
340,2,667,16:35,1
341,1,280,19:00,10
342,2,569,15:40,10
343,1,619,15:50,8
344,2,246,15:00,3
345,2,46,18:25,5
346,2,114,13:05,10
347,2,616,17:00,7
348,2,658,12:45,5
349,2,523,14:55,7
350,1,240,12:25,10
351,2,575,11:05,2
352,2,333,19:20,6
353,1,110,14:15,2
354,2,483,19:50,7
355,1,495,20:25,1
356,1,431,14:10,7
357,2,351,22:30,11
358,2,311,16:35,13
359,1,517,13:30,2
360,2,508,10:00,5
361,2,94,09:05,6
362,2,641,17:05,5
363,1,376,08:35,7
364,2,3,07:20,10
365,2,502,17:35,3
366,2,233,19:30,10
367,1,477,08:40,9
368,1,184,18:30,5
369,1,524,15:25,12
370,1,379,18:15,12
371,1,274,18:25,1
372,2,60,11:10,7
373,2,644,16:20,13
374,1,520,15:10,14
375,1,546,15:30,2
376,2,146,09:50,2
377,1,592,18:35,6
378,2,216,12:20,5
379,2,659,08:30,13
380,2,455,13:50,5
381,2,585,15:20,1
382,2,435,18:00,4
383,1,64,17:35,4
384,1,113,16:45,12
385,2,167,18:20,3
386,2,180,17:05,5
387,2,420,08:25,11
388,2,176,16:35,1
389,1,130,22:35,2
390,2,58,17:20,14
391,1,78,13:20,2
392,2,69,13:15,1
393,2,467,08:10,11
394,1,267,16:35,9
395,2,338,08:35,8
396,1,163,17:10,4
397,1,370,13:00,11
398,2,601,10:30,1
399,1,300,15:00,10
400,1,664,20:05,7
401,2,181,17:10,9
402,2,545,14:35,3
403,2,28,21:15,11
404,2,24,15:15,2
405,1,582,17:55,1
406,1,560,19:15,11
407,2,324,16:50,11
408,2,168,15:30,11
409,2,487,20:20,4
410,1,207,16:25,5
411,2,421,15:00,13
412,2,12,20:40,4
413,2,189,14:00,2
414,1,178,16:15,1
415,1,459,18:15,13
416,1,661,14:30,9
417,2,234,14:50,3
418,2,141,15:20,4
419,2,393,20:00,13
420,2,38,07:10,6
421,2,639,18:20,8
422,2,449,14:45,7
423,1,88,14:10,7
424,2,496,10:05,13
425,2,606,07:55,3
426,1,62,14:30,14
427,2,164,18:15,11
428,1,113,12:10,6
429,2,475,18:00,11
430,1,534,08:25,9
431,1,579,13:20,10
432,2,417,12:25,6
433,1,284,16:25,8
434,1,96,21:15,13
435,2,162,18:20,8
436,1,530,12:25,2
437,2,162,07:10,1
438,1,165,16:55,3
439,2,557,18:25,4
440,1,209,08:10,13
441,2,345,22:35,4
442,2,490,12:25,10
443,2,352,17:15,1
444,2,63,18:10,6
445,1,217,20:15,9
446,1,376,14:35,10
447,2,644,10:50,1
448,2,296,20:25,14
449,2,212,14:05,9
450,2,285,19:10,3
451,2,243,08:20,9
452,2,604,16:25,7
453,2,189,16:10,2
454,1,594,07:15,9
455,2,85,12:40,11
456,2,22,12:30,6
457,2,20,07:10,8
458,1,81,09:55,7
459,2,553,20:10,1
460,1,52,18:20,11
461,1,361,19:40,8
462,1,481,21:20,13
463,1,307,20:15,12
464,1,625,15:00,11
465,1,353,21:15,9
466,1,477,14:25,5
467,2,205,09:55,2
468,2,527,11:15,13
469,2,545,19:00,2
470,2,589,14:30,4
471,1,665,15:15,5
472,2,95,17:50,4
473,2,425,20:30,9
474,2,524,20:30,11
475,1,240,17:55,6
476,2,128,14:20,11
477,2,66,08:05,10
478,1,244,20:15,14
479,1,115,13:20,13
480,2,433,19:00,12
481,1,607,15:30,10
482,2,355,18:35,8
483,1,501,10:55,10
484,1,82,20:55,13
485,1,411,12:50,10
486,2,588,07:45,2
487,1,620,15:40,5
488,2,451,10:10,4
489,2,335,11:30,10
490,1,600,13:40,8
491,1,216,09:25,13
492,1,337,18:35,4
493,2,621,14:00,14
494,2,482,07:05,11
495,2,489,21:35,7
496,2,384,12:15,2
497,1,364,14:10,1
498,1,396,10:30,12
499,2,250,17:05,14
500,1,348,19:35,2
501,1,328,19:40,3
502,1,319,16:20,6
503,1,534,14:30,7
504,2,410,09:00,9
505,2,336,16:30,10
506,1,512,17:30,13
507,1,189,09:55,2
508,2,571,15:25,5
509,1,306,11:30,2
510,1,373,19:00,4
511,2,307,18:15,10
512,1,201,10:15,13
513,2,135,20:45,11
514,2,329,16:05,8
515,2,147,22:20,4
516,2,52,22:35,8
517,2,480,10:20,5
518,1,301,14:30,4
519,2,584,12:30,8
520,1,88,14:45,14
521,2,414,18:05,5
522,1,627,07:55,9
523,1,350,19:10,12
524,2,152,19:30,6
525,2,500,07:55,7
526,2,340,11:25,6
527,1,419,20:25,13
528,1,29,19:05,9
529,2,391,09:20,6
530,1,187,14:35,9
531,1,286,17:25,1
532,1,388,17:10,3
533,1,98,17:40,2
534,2,579,13:30,14
535,2,11,12:35,8
536,2,318,09:50,12
537,1,463,14:15,9
538,1,290,09:30,13
539,1,7,14:10,4
540,1,121,13:40,4
541,1,625,08:50,8
542,1,481,19:10,9
543,2,639,19:20,13
544,1,435,12:05,8
545,2,381,09:15,3
546,2,47,20:00,3
547,2,69,19:20,2
548,1,177,11:30,9
549,2,381,19:10,2
550,1,21,19:30,8
551,2,224,17:20,12
552,2,328,20:20,5
553,2,477,07:30,7
554,1,589,17:30,3
555,1,551,22:10,4
556,1,375,12:55,9
557,2,329,18:25,9
558,2,303,16:35,13
559,1,421,08:45,3
560,1,28,17:25,3
561,2,418,11:00,12
562,1,209,08:00,9
563,2,602,07:05,8
564,2,168,13:50,14
565,1,59,19:35,1
566,1,499,17:15,12
567,2,188,13:05,10
568,2,76,17:40,11
569,2,71,11:15,1
570,2,207,12:50,11
571,1,38,15:15,4
572,1,293,10:05,7
573,1,452,20:25,3
574,2,579,09:35,7
575,2,35,10:10,4
576,2,208,17:40,10
577,2,480,16:30,14
578,2,93,09:25,5
579,1,395,09:35,10
580,1,587,12:15,9
581,2,75,14:10,3
582,2,527,08:20,2
583,1,116,11:30,1
584,2,443,07:25,6
585,1,300,11:15,5
586,1,49,08:15,10
587,2,341,18:50,10
588,1,391,21:50,5
589,2,425,17:25,1
590,1,448,18:00,5
591,1,123,19:30,6
592,1,350,13:20,5
593,2,408,19:25,11
594,1,3,15:00,3
595,1,177,17:00,4
596,2,323,10:35,10
597,2,159,09:25,7
598,2,88,22:00,3
599,1,584,08:30,8
600,1,337,10:40,6
601,1,277,12:10,6
602,1,85,10:50,1
603,1,406,07:30,8
604,1,284,18:55,10
605,2,529,12:40,5
606,2,243,11:35,8
607,2,80,09:10,2
608,2,232,21:35,7
609,2,662,17:35,14
610,2,352,13:10,3
611,2,609,11:25,10
612,2,396,20:10,7
613,1,530,10:10,12
614,1,647,12:15,2
615,1,323,18:05,10
616,1,3,14:20,5
617,1,75,14:25,3
618,1,390,21:35,9
619,1,640,19:15,8
620,1,203,08:25,4
621,2,632,14:35,7
622,1,622,15:40,6
623,2,582,16:45,9
624,2,89,20:15,6
625,1,300,10:30,13
626,1,6,17:55,13
627,2,161,12:45,6
628,2,411,12:15,11
629,1,594,10:25,2
630,2,214,19:10,13
631,2,255,10:45,13
632,1,500,16:05,1
633,2,136,12:05,5
634,1,506,21:50,2
635,1,15,20:35,13
636,2,279,15:15,2
637,2,149,14:05,1
638,1,655,15:25,9
639,2,473,09:30,8
640,1,100,08:05,6
641,1,397,11:35,1
642,2,567,10:10,8
643,1,299,20:30,8
644,1,249,11:30,13
645,1,447,21:50,4
646,2,564,19:05,12
647,2,469,11:00,9
648,2,420,20:35,12
649,1,320,11:50,14
650,2,10,17:10,2
651,2,43,20:35,10
652,1,548,21:20,10
653,2,18,09:10,12
654,2,81,13:25,7
655,1,467,15:35,13
656,2,567,21:30,5
657,1,250,18:05,11
658,2,231,21:25,2
659,1,668,10:50,8
660,1,577,08:35,7
661,2,630,21:45,3
662,1,248,19:25,11
663,1,113,19:05,7
664,2,471,08:15,8
665,1,63,20:35,14
666,1,34,16:15,1
667,1,480,20:35,14
668,2,79,16:45,12
669,2,656,16:30,2
670,1,102,13:10,12
671,2,557,18:00,2
672,1,59,18:40,7
673,1,521,12:30,9
674,1,159,13:40,8
675,1,605,22:20,12
676,2,586,15:30,7
677,1,339,18:05,7
678,2,557,15:25,5
679,1,613,13:10,13
680,1,10,20:30,8
681,1,224,20:35,13
682,1,48,10:30,12
683,1,81,17:15,5
684,2,607,22:05,8
685,2,109,20:30,4
686,2,588,15:05,2
687,1,352,10:10,1
688,1,88,22:05,11
689,2,189,20:15,13
690,2,276,19:20,3
691,2,508,08:30,7
692,2,233,18:30,3
693,2,445,16:45,1
694,2,668,22:00,11
695,2,27,15:20,2
696,1,12,14:25,5
697,2,668,14:10,13
698,1,424,09:15,2
699,2,221,13:20,13
700,2,233,16:30,5
701,1,516,11:20,13
702,2,380,10:15,4
703,1,465,08:05,1
704,2,291,11:15,6
705,2,359,21:20,3
706,1,67,15:15,8
707,1,639,19:35,2
708,1,655,10:15,11
709,2,587,15:05,11
710,2,471,20:10,8
711,1,430,22:00,3
712,1,27,15:20,5
713,2,135,20:25,12
714,2,82,19:40,6
715,1,377,19:05,8
716,2,496,09:40,3
717,2,380,10:10,5
718,2,197,21:10,3
719,1,395,20:10,5
720,2,551,19:35,8
721,1,409,09:55,2
722,2,232,18:20,8
723,1,341,17:50,2
724,1,134,16:45,11
725,2,254,12:10,10
726,1,17,10:20,1
727,2,522,16:15,12
728,2,212,18:45,12
729,1,283,09:00,8
730,1,454,13:00,4
731,1,459,18:00,6
732,2,102,08:30,14
733,1,180,17:15,8
734,1,376,21:00,5
735,1,149,20:10,3
736,1,627,21:05,6
737,1,518,14:10,6
738,1,316,20:20,14
739,2,317,11:10,6
740,1,210,11:40,14
741,2,69,18:15,6
742,1,28,19:00,14
743,2,576,13:45,4
744,1,282,09:10,3
745,1,531,08:10,3
746,2,85,17:05,6
747,2,230,17:25,14
748,2,27,21:15,4
749,2,416,21:45,5
750,1,9,22:05,2
751,2,355,10:05,12
752,2,476,08:20,6
753,1,598,11:30,10
754,2,127,11:25,13
755,1,555,08:10,11
756,1,522,18:15,12
757,2,291,15:00,8
758,2,430,17:50,4
759,2,258,10:35,13
760,2,88,10:55,11
761,2,666,16:25,2
762,2,89,18:10,8
763,2,331,17:10,3
764,2,551,07:15,12
765,2,288,21:35,6
766,2,269,18:05,12
767,1,428,17:00,1
768,2,7,09:30,7
769,1,508,11:05,3
770,1,635,12:20,9
771,2,5,10:20,4
772,2,611,22:05,2
773,1,534,19:00,4
774,2,574,09:30,14
775,2,129,07:10,13
776,2,77,18:45,7
777,1,606,11:30,5
778,1,294,15:25,12
779,1,133,08:15,14
780,2,198,17:30,3
781,1,333,20:30,8
782,1,548,09:25,6
783,2,483,13:10,1
784,2,668,21:20,10
785,2,75,17:05,5
786,2,498,20:20,2
787,1,40,19:00,2
788,1,663,21:20,1
789,1,302,18:45,3
790,1,49,09:40,7
791,2,625,09:15,13
792,2,291,20:15,8
793,1,164,18:20,4
794,1,432,10:20,3
795,2,435,14:40,13
796,1,166,20:20,13
797,2,202,18:30,4
798,1,144,14:10,8
799,2,443,14:00,4
800,1,356,08:30,8
801,2,232,17:00,10
802,2,102,19:15,7
803,2,41,14:30,4
804,1,44,07:55,12
805,2,463,20:55,4
806,1,367,09:10,4
807,1,481,18:20,9
808,2,339,21:55,10
809,2,645,10:30,14
810,2,126,19:00,1
811,2,118,12:10,12
812,2,66,20:20,12
813,1,87,20:20,8
814,1,252,16:10,9
815,2,304,19:55,8
816,2,51,14:25,7
817,2,180,16:40,9
818,2,613,12:15,5
819,1,461,17:10,13
820,2,538,17:30,10
821,1,114,17:00,2
822,1,224,19:05,11
823,1,302,21:30,3
824,1,450,20:20,11
825,1,546,17:30,1
826,1,222,12:50,5
827,2,170,08:35,2
828,2,279,07:00,6
829,1,517,15:25,11
830,2,624,14:55,4
831,2,526,12:00,7
832,2,623,16:10,7
833,1,132,11:30,3
834,1,235,15:20,10
835,2,628,17:30,10
836,1,153,16:45,6
837,1,89,15:50,5
838,1,275,15:10,10
839,2,218,21:05,13
840,1,21,19:25,4
841,1,446,19:00,9
842,1,84,19:30,8
843,1,331,14:05,12
844,2,585,14:35,6
845,1,551,11:15,2
846,2,660,21:00,10
847,1,223,10:10,6
848,2,633,20:15,5
849,2,258,11:40,13
850,2,204,19:20,10
851,1,187,10:50,5
852,2,374,15:15,3
853,2,613,17:15,2
854,1,2,12:20,11
855,1,349,15:25,10
856,1,631,08:25,9
857,1,429,09:15,7
858,2,281,13:20,11
859,2,464,19:00,14
860,2,589,17:35,14
861,1,451,14:40,14
862,1,283,22:10,10
863,2,632,19:55,4
864,1,662,12:35,12
865,2,521,11:15,7
866,1,380,19:40,4
867,2,470,13:05,11
868,2,621,18:00,1
869,2,48,10:15,10
870,1,233,20:40,6
871,1,524,20:55,6
872,2,107,17:55,3
873,1,519,07:55,5
874,2,330,21:45,6
875,1,446,08:05,11
876,1,648,19:55,13
877,1,525,16:25,10
878,1,427,20:45,9
879,1,453,14:05,7
880,2,325,16:05,3
881,2,314,11:45,3
882,2,521,16:30,5
883,1,81,16:35,3
884,2,103,21:35,9
885,1,339,10:55,4
886,2,482,18:00,8
887,1,635,08:00,8
888,2,608,09:55,5
889,2,224,09:50,10
890,2,310,19:20,6
891,2,392,11:10,4
892,1,112,10:35,2
893,1,568,19:25,4
894,2,322,16:00,14
895,1,536,09:00,14
896,1,518,10:00,2
897,2,330,15:00,9
898,1,239,09:10,13
899,1,159,08:15,1
900,1,100,13:25,6
901,2,331,07:25,1
902,2,67,21:00,6
903,1,428,20:00,2
904,2,52,09:10,1
905,1,594,17:15,6
906,1,222,11:25,6
907,2,424,16:30,12
908,1,289,17:55,10
909,1,212,20:20,13
910,2,184,13:35,7
911,2,600,16:00,13
912,1,235,07:15,7
913,2,163,15:00,9
914,1,101,18:35,6
915,2,118,20:00,5
916,2,72,15:00,13
917,2,556,10:15,10
918,2,632,19:25,4
919,1,111,11:50,11
920,2,64,21:20,14
921,1,526,10:35,3
922,2,55,12:30,6
923,1,347,16:25,2
924,2,441,19:30,4
925,2,320,11:35,3
926,2,180,14:35,7
927,1,6,21:40,3
928,2,217,15:35,7
929,2,62,21:35,7
930,2,542,20:30,9
931,2,533,07:00,8
932,2,475,17:30,9
933,1,516,13:10,10
934,1,477,10:30,10
935,2,158,15:00,11
936,2,586,08:05,13
937,2,539,11:30,10
938,1,208,13:50,4
939,2,428,17:05,6
940,2,479,17:20,8
941,1,46,13:20,7
942,2,378,20:15,1
943,2,200,13:20,9
944,1,458,17:10,1
945,2,200,12:30,14
946,2,595,09:30,10
947,2,373,12:30,6
948,2,598,12:45,1
949,2,375,16:25,9
950,1,389,13:20,13
951,1,26,13:30,4
952,1,651,09:15,1
953,1,496,19:30,13
954,1,231,18:10,1
955,1,166,14:35,8
956,2,126,21:05,4
957,1,564,16:50,9
958,2,439,14:00,14
959,1,99,18:50,4
960,1,396,11:30,4
961,1,435,13:35,4
962,2,317,18:50,11
963,1,297,10:10,14
964,2,367,20:30,8
965,1,184,21:30,7
966,1,448,11:45,2
967,1,594,16:00,10
968,1,188,13:00,2
969,1,116,20:50,14
970,2,77,10:35,8
971,2,331,13:05,5
972,2,482,12:20,7
973,2,11,20:35,4
974,2,266,09:35,9
975,1,144,07:30,7
976,1,625,08:35,7
977,2,596,07:35,12
978,2,478,20:20,14
979,1,435,10:00,10
980,1,336,16:20,4
981,2,521,16:50,11
982,1,360,08:25,12
983,1,81,15:55,7
984,2,445,07:00,11
985,1,635,17:20,7
986,1,16,07:50,1
987,2,63,16:05,7
988,1,255,11:10,10
989,1,166,09:35,2
990,1,263,17:20,13
991,2,101,18:00,14
992,2,321,09:15,3
993,2,84,15:00,2
994,1,408,11:40,12
995,2,127,22:10,14
996,1,605,20:30,5
997,1,563,09:05,12
998,1,527,11:00,8
999,2,41,10:35,7
1000,2,588,16:35,14
1001,2,285,18:20,1
1002,2,562,16:25,3
1003,2,343,11:35,12
1004,2,484,18:15,9
1005,2,562,12:30,14
1006,1,193,13:45,5
1007,1,7,12:35,6
1008,2,51,10:00,7
1009,1,440,19:25,12
1010,2,47,10:35,2
1011,1,53,09:35,4
1012,2,240,07:45,11
1013,2,140,08:05,10
1014,1,514,08:35,7
1015,2,181,19:55,4
1016,2,67,14:50,9
1017,2,470,17:25,5
1018,2,610,11:10,1
1019,2,208,16:35,3
1020,2,526,13:40,3
1021,2,488,22:00,13
1022,1,400,07:25,5
1023,2,643,21:25,14
1024,2,496,20:15,2
1025,1,344,18:30,9
1026,1,504,11:35,11
1027,1,32,12:15,7
1028,2,429,10:00,10
1029,2,460,09:00,9
1030,2,409,21:00,6
1031,2,594,19:35,13
1032,2,255,11:05,12
1033,2,641,16:05,10
1034,2,548,08:20,12
1035,1,218,13:30,9
1036,1,543,07:20,12
1037,1,172,16:05,8
1038,2,646,08:55,14
1039,2,66,14:55,8
1040,2,38,11:15,1
1041,2,24,15:45,11
1042,1,477,14:05,13
1043,2,70,20:25,8
1044,1,496,08:20,3
1045,2,452,08:20,5
1046,2,667,12:35,1
1047,1,291,14:55,9
1048,2,195,12:30,10
1049,2,96,15:15,4
1050,1,400,14:20,14
1051,1,287,18:05,5
1052,1,52,16:10,10
1053,1,573,13:00,1
1054,2,370,19:10,6
1055,2,373,16:10,4
1056,2,234,19:00,9
1057,1,491,14:00,7
1058,1,652,16:25,6
1059,2,83,19:30,3
1060,1,652,08:35,8
1061,2,219,18:55,3
1062,1,331,21:15,8
1063,2,93,19:00,11
1064,1,115,08:15,11
1065,1,244,12:00,3
1066,1,415,11:35,5
1067,2,247,17:35,10
1068,2,193,08:30,12
1069,2,644,13:10,4
1070,1,409,16:35,3
1071,1,609,19:00,6
1072,2,317,11:20,12
1073,1,17,08:15,8
1074,2,499,20:10,6
1075,2,361,17:10,2
1076,1,558,18:10,11
1077,2,280,11:00,8
1078,2,572,09:15,4
1079,1,522,16:30,14
1080,1,521,21:05,6
1081,2,14,14:45,1
1082,1,503,17:20,9
1083,1,407,21:35,6
1084,1,405,20:10,9
1085,2,514,12:15,14
1086,2,383,15:05,7
1087,2,391,07:05,2
1088,2,65,21:20,14
1089,2,549,16:35,9
1090,1,374,13:05,4
1091,1,265,21:30,10
1092,1,49,14:25,7
1093,2,532,19:10,10
1094,2,334,17:15,12
1095,2,619,21:00,12
1096,2,459,12:30,13
1097,2,169,18:55,14
1098,2,625,16:05,11
1099,2,546,12:15,9
1100,1,334,15:40,13
1101,2,3,09:40,6
1102,2,223,19:35,2
1103,2,271,15:10,6
1104,1,292,16:30,13
1105,2,472,20:10,8
1106,2,399,10:25,11
1107,1,570,21:15,12
1108,1,170,16:05,14
1109,1,603,11:20,4
1110,1,373,14:45,14
1111,2,491,07:35,2
1112,1,128,11:35,9
1113,1,223,08:05,14
1114,2,233,10:25,3
1115,2,481,17:00,8
1116,1,266,10:20,11
1117,1,412,21:45,3
1118,1,410,11:20,1
1119,1,102,19:10,2
1120,2,437,07:30,10
1121,1,75,08:25,14
1122,1,537,18:30,11
1123,1,70,22:15,6
1124,1,380,12:35,14
1125,2,227,10:30,7
1126,2,511,18:35,1
1127,1,506,15:25,1
1128,1,302,11:50,5
1129,1,163,07:35,8
1130,2,451,15:00,3
1131,2,361,20:30,4
1132,2,569,07:30,2
1133,2,648,17:30,2
1134,2,213,21:20,10
1135,1,58,21:35,9
1136,1,303,15:55,4
1137,1,653,13:25,12
1138,1,6,12:00,13
1139,1,147,11:05,10
1140,2,610,11:20,8
1141,2,448,16:25,14
1142,2,509,14:25,11
1143,2,605,18:15,3
1144,1,642,19:25,5
1145,2,164,07:15,6
1146,2,342,16:50,7
1147,1,29,09:05,11
1148,1,570,11:55,5
1149,2,492,19:00,8
1150,2,593,17:55,8
1151,2,44,09:30,3
1152,2,497,09:05,3
1153,1,318,10:25,14
1154,1,50,08:15,9
1155,1,226,20:20,8
1156,1,398,18:00,13
1157,2,212,17:05,11
1158,1,501,07:40,3
1159,1,619,17:25,6
1160,1,329,08:35,1
1161,2,39,18:30,10
1162,2,346,14:20,7
1163,1,309,16:10,7
1164,2,218,20:50,4
1165,1,91,08:35,13
1166,2,449,14:10,9
1167,2,521,20:45,8
1168,1,175,15:15,10
1169,2,628,20:25,5
1170,2,112,12:20,3
1171,1,157,08:20,6
1172,2,577,22:15,6
1173,2,46,09:15,8
1174,2,524,14:00,13
1175,2,200,13:55,8
1176,1,622,08:55,11
1177,2,413,14:00,4
1178,1,571,13:00,7
1179,1,210,14:35,1
1180,2,376,20:10,8
1181,1,259,16:00,5
1182,2,664,16:45,6
1183,1,424,16:45,2
1184,2,460,18:35,12
1185,2,315,10:10,6
1186,1,389,20:25,12
1187,2,512,16:15,9
1188,1,66,09:40,6
1189,2,614,15:15,6
1190,1,497,08:00,5
1191,1,21,11:35,6
1192,2,654,20:30,7
1193,2,286,16:00,6
1194,2,224,11:00,11
1195,1,63,11:20,11
1196,1,151,19:10,12
1197,2,22,16:40,7
1198,1,630,11:25,12
1199,1,366,19:45,13
1200,2,462,21:20,3
1201,2,491,11:25,14
1202,1,30,17:55,12
1203,1,492,22:05,10
1204,2,58,18:35,13
1205,1,590,14:30,7
1206,1,589,13:15,7
1207,1,284,13:10,13
1208,1,281,11:10,3
1209,2,356,11:35,2
1210,1,80,15:20,5
1211,1,251,21:50,6
1212,1,57,19:10,9
1213,2,655,16:50,14
1214,1,55,16:30,11
1215,1,75,10:35,13
1216,1,157,10:05,11
1217,1,503,14:20,9
1218,1,594,17:50,9
1219,1,406,20:50,7
1220,2,142,08:20,5
1221,2,424,15:45,9
1222,1,471,16:20,1
1223,1,232,07:15,14
1224,1,72,19:05,14
1225,1,148,09:35,9
1226,2,522,21:30,8
1227,1,515,08:30,14
1228,2,583,16:30,1
1229,1,43,20:30,4
1230,1,404,10:25,14
1231,2,490,11:05,13
1232,1,243,16:10,7
1233,2,544,18:45,4
1234,2,361,18:40,5
1235,1,550,16:35,6
1236,1,525,15:35,9
1237,1,184,11:00,11
1238,1,253,10:20,3
1239,2,517,21:15,14
1240,1,315,20:50,2
1241,1,619,17:05,13
1242,2,114,19:35,3
1243,1,463,13:45,11
1244,2,330,08:20,3
1245,1,293,18:45,4
1246,2,511,12:30,12
1247,2,198,19:45,6
1248,2,442,18:15,5
1249,2,137,21:10,12
1250,2,82,15:20,10
1251,1,150,20:25,5
1252,2,115,12:55,5
1253,2,249,14:00,5
1254,1,13,10:15,12
1255,2,403,20:35,3
1256,1,243,17:10,4
1257,1,195,08:20,7
1258,1,116,15:05,13
1259,2,117,13:05,1
1260,1,460,10:35,6
1261,1,631,07:45,2
1262,1,17,17:05,1
1263,1,452,14:10,7
1264,1,464,17:15,5
1265,1,587,21:00,4
1266,2,151,07:05,11
1267,1,297,07:20,3
1268,2,403,12:05,2
1269,1,93,20:10,12
1270,2,535,18:20,8
1271,2,212,12:15,10
1272,2,270,18:35,9
1273,2,531,14:40,13
1274,2,576,07:15,11
1275,2,165,08:15,13
1276,2,415,17:30,11
1277,2,524,11:30,4
1278,2,623,09:55,14
1279,1,665,09:45,4
1280,1,154,12:35,13
1281,2,27,09:20,7
1282,1,147,15:05,5
1283,1,425,08:40,4
1284,2,67,15:20,11
1285,1,118,18:25,4
1286,1,585,13:45,10
1287,2,496,08:00,2
1288,2,568,13:20,7
1289,2,235,09:35,9
1290,1,622,10:20,14
1291,1,252,10:05,13
1292,1,510,15:20,11
1293,2,657,08:25,9
1294,2,419,19:40,4
1295,1,176,13:10,2
1296,2,190,19:35,5
1297,1,67,20:45,12
1298,2,158,20:55,6
1299,1,99,12:25,4
1300,2,512,21:35,9
1301,1,130,21:10,6
1302,2,233,13:05,5
1303,2,92,08:20,5
1304,2,198,16:00,4
1305,2,351,12:05,12
1306,2,318,18:40,3
1307,1,526,13:40,9
1308,2,301,17:20,8
1309,2,535,07:55,10
1310,2,16,08:40,11
1311,1,364,07:25,12
1312,1,37,10:30,12
1313,1,462,13:45,4
1314,1,351,19:35,12
1315,1,556,07:50,5
1316,2,533,08:30,14
1317,1,585,15:15,5
1318,2,210,08:10,3
1319,2,494,15:10,6
1320,2,290,21:55,2
1321,2,630,15:45,5
1322,1,494,21:00,12
1323,2,315,10:20,2
1324,1,419,21:55,13
1325,2,10,12:10,13
1326,1,504,22:35,6
1327,2,154,15:30,4
1328,1,291,09:20,14
1329,1,459,09:00,2
1330,2,301,11:00,4
1331,1,84,16:20,12
1332,2,475,10:10,13
1333,1,21,09:25,8
1334,2,498,13:20,10
1335,1,568,18:20,8
1336,1,59,13:10,8
1337,1,528,14:00,11
1338,2,637,09:00,11
1339,1,624,18:10,3
1340,1,192,15:35,3
1341,2,204,08:35,12
1342,2,425,15:10,12
1343,1,558,14:00,12
1344,2,39,09:00,14
1345,1,441,17:15,11
1346,1,389,10:20,8
1347,1,166,11:55,13
1348,2,146,12:10,6
1349,1,572,14:05,8
1350,2,78,10:00,2
1351,2,391,15:10,6
1352,2,506,17:20,6
1353,2,396,08:00,4
1354,1,325,21:25,2
1355,2,534,13:30,11
1356,2,578,11:00,3
1357,2,542,20:35,14
1358,2,607,11:40,3
1359,1,86,09:00,9
1360,2,343,14:00,7
1361,1,270,17:25,10
1362,2,645,10:10,9
1363,2,533,21:25,10
1364,1,456,20:05,14
1365,1,363,12:20,14
1366,2,97,16:00,8
1367,1,562,14:15,3
1368,2,598,10:35,14
1369,2,295,15:15,9
1370,2,436,14:35,1
1371,2,471,18:35,8
1372,2,531,19:30,7
1373,1,380,08:20,2
1374,1,190,13:10,9
1375,1,590,08:15,3
1376,2,457,07:40,1
1377,1,320,16:35,1
1378,1,68,15:30,2
1379,1,99,20:20,11
1380,2,342,13:50,12
1381,2,351,08:55,7
1382,2,241,18:50,3
1383,2,626,21:35,7
1384,2,38,16:45,9
1385,2,139,20:35,2
1386,2,53,16:00,3
1387,2,55,14:15,11
1388,1,659,10:25,4
1389,1,20,14:25,12
1390,1,267,17:05,11
1391,2,457,20:25,7
1392,1,304,18:25,5
1393,2,641,11:30,1
1394,2,336,10:05,2
1395,2,227,10:35,14
1396,2,73,20:35,6
1397,2,49,13:35,10
1398,2,143,09:25,5
1399,1,545,11:45,6
1400,2,130,11:05,9
1401,2,392,16:30,10
1402,2,115,14:35,7
1403,1,452,07:55,9
1404,2,75,10:15,14
1405,1,64,19:35,3
1406,1,277,20:35,9
1407,2,254,19:00,9
1408,2,161,16:25,1
1409,2,658,14:25,14
1410,2,502,10:15,4
1411,2,128,17:55,10
1412,1,96,19:05,7
1413,2,374,17:35,6
1414,1,84,08:10,6
1415,2,640,13:00,9
1416,2,230,16:20,14
1417,2,459,07:05,4
1418,1,182,10:55,10
1419,2,237,20:30,7
1420,2,222,07:45,9
1421,1,446,08:05,9
1422,2,393,19:25,9
1423,2,219,19:00,5
1424,2,197,21:50,12
1425,2,159,15:10,7
1426,2,550,10:30,9
1427,1,534,16:20,7
1428,2,503,21:00,4
1429,2,57,12:50,13
1430,1,658,08:00,5
1431,1,630,10:50,11
1432,1,608,21:10,14
1433,2,1,17:45,4
1434,2,46,12:30,10
1435,1,637,08:45,8
1436,2,333,08:05,1
1437,2,249,21:10,10
1438,2,299,12:30,4
1439,2,377,18:10,3
1440,1,598,22:25,13
1441,1,644,18:00,14
1442,1,342,20:05,8
1443,1,487,08:40,12
1444,1,483,20:10,8
1445,2,29,12:45,1
1446,2,615,19:00,13
1447,2,147,20:05,9
1448,2,644,20:15,10
1449,1,334,10:05,12
1450,2,663,20:40,3
1451,2,115,14:30,6
1452,1,398,17:00,14
1453,2,173,11:40,10
1454,2,614,10:15,2
1455,1,366,13:15,10
1456,1,641,07:40,6
1457,2,570,10:40,9
1458,2,343,08:50,2
1459,2,113,16:20,2
1460,1,7,10:40,5
1461,1,408,12:45,1
1462,1,137,09:00,9
1463,1,409,19:40,4
1464,2,175,17:10,4
1465,1,340,22:20,14
1466,1,284,10:10,11
1467,1,129,18:20,6
1468,1,445,10:30,8
1469,2,479,17:50,3
1470,2,27,10:35,9
1471,1,123,09:35,7
1472,1,549,13:30,11
1473,2,97,21:50,11
1474,1,57,07:35,1
1475,2,350,16:15,7
1476,2,384,18:10,12
1477,2,593,14:05,13
1478,1,324,11:30,2
1479,2,387,21:40,9
1480,2,304,13:55,10
1481,1,351,21:00,8
1482,1,505,20:20,12
1483,1,578,08:20,2
1484,1,382,12:10,9
1485,1,147,15:55,2
1486,2,372,17:00,2
1487,1,568,13:50,1
1488,1,643,17:15,8
1489,2,375,08:05,13
1490,1,155,20:30,7
1491,1,478,18:15,14
1492,2,613,09:30,13
1493,1,536,17:30,3
1494,2,489,13:45,6
1495,1,134,15:20,6
1496,1,294,12:00,4
1497,1,543,18:10,12
1498,1,429,08:35,13
1499,1,306,07:30,2
1500,2,239,14:30,10
1501,1,334,08:20,1
1502,1,67,20:25,5
1503,1,224,12:25,10
1504,2,278,10:35,1
1505,1,552,15:45,13
1506,2,51,14:20,9
1507,1,621,14:05,9
1508,1,333,14:10,12
1509,2,173,20:20,2
1510,1,44,12:50,14
1511,1,556,15:05,7
1512,2,97,11:30,6
1513,1,491,12:00,8
1514,1,383,08:15,10
1515,1,574,09:35,10
1516,1,74,16:20,5
1517,2,330,09:00,7
1518,2,109,14:20,14
1519,2,409,08:45,3
1520,1,281,09:05,4
1521,2,367,08:55,6
1522,2,318,11:15,4
1523,2,640,21:55,1
1524,2,42,11:40,8
1525,1,263,19:15,12
1526,1,427,10:50,14
1527,2,282,19:10,4
1528,1,402,21:10,3
1529,2,386,17:55,8
1530,2,480,20:25,14
1531,1,372,14:50,14
1532,1,300,22:20,7
1533,1,590,12:20,9
1534,1,555,14:20,6
1535,1,230,15:50,2
1536,2,334,15:15,13
1537,1,68,21:00,9
1538,1,552,12:05,8
1539,2,652,19:20,2
1540,2,472,12:35,3
1541,2,207,11:25,9
1542,2,560,20:25,6
1543,1,106,18:15,13
1544,2,218,21:50,6
1545,2,106,13:10,2
1546,2,373,16:50,3
1547,1,306,18:25,3
1548,1,604,08:25,2
1549,2,511,13:00,11
1550,1,512,20:10,1
1551,1,160,17:20,6
1552,2,545,12:25,7
1553,1,375,08:50,14
1554,1,354,15:05,8
1555,1,238,14:30,10
1556,1,173,21:15,14
1557,1,414,14:30,3
1558,1,262,15:30,11
1559,1,560,14:45,1
1560,2,376,11:30,13
1561,2,286,11:35,5
1562,2,576,13:35,9
1563,2,410,13:25,13
1564,2,530,17:10,8
1565,2,579,15:30,3
1566,1,478,07:10,10
1567,2,82,13:35,6
1568,2,372,07:55,7
1569,2,645,13:00,9
1570,2,334,17:05,7
1571,2,188,11:05,14
1572,1,283,21:30,1
1573,2,320,19:15,13
1574,1,98,12:50,1
1575,1,444,20:50,8
1576,1,320,17:30,12
1577,2,327,18:15,1
1578,1,631,19:40,12
1579,2,238,13:10,3
1580,2,652,15:10,13
1581,1,590,19:25,8
1582,2,101,21:55,2
1583,2,402,18:20,5
1584,2,157,20:45,6
1585,1,157,17:00,14
1586,2,47,13:10,10
1587,2,4,16:25,11
1588,1,31,10:30,2
1589,2,178,14:10,5
1590,2,27,11:10,6
1591,2,222,10:05,13
1592,2,428,22:05,11
1593,2,634,12:20,4
1594,1,472,12:10,3
1595,2,145,11:10,6
1596,2,34,10:45,8
1597,1,611,20:20,9
1598,1,476,09:25,8
1599,2,408,07:05,1
1600,1,74,22:35,10
1601,2,125,11:35,9
1602,1,498,10:40,7
1603,2,546,17:05,9
1604,1,383,12:25,9
1605,2,443,21:55,3
1606,1,523,16:55,10
1607,1,423,19:05,4
1608,2,522,18:20,9
1609,1,607,09:40,4
1610,1,187,19:20,12
1611,1,267,18:20,13
1612,1,472,15:05,12
1613,2,192,09:50,3
1614,2,564,10:35,11
1615,1,549,15:00,13
1616,1,342,13:05,14
1617,1,210,21:20,10
1618,2,357,08:25,9
1619,1,311,16:10,1
1620,2,178,12:00,7
1621,1,612,19:20,10
1622,1,370,13:30,12
1623,1,273,10:45,12
1624,2,276,17:45,14
1625,2,235,11:35,7
1626,1,488,19:00,13
1627,2,4,14:45,6
1628,2,467,12:40,14
1629,1,381,15:30,5
1630,2,633,11:25,10
1631,2,347,19:15,8
1632,1,95,08:25,14
1633,1,519,08:05,10
1634,1,374,19:15,13
1635,2,338,07:05,9
1636,2,652,10:15,11
1637,2,171,17:15,5
1638,2,421,13:30,7
1639,1,1,16:05,7
1640,2,596,20:25,6
1641,1,191,15:30,7
1642,1,32,08:40,6
1643,1,574,22:00,13
1644,1,28,14:30,14
1645,2,583,17:55,9
1646,1,476,09:05,9
1647,2,238,19:15,7
1648,2,115,21:45,8
1649,1,365,12:10,14
1650,1,221,08:00,2
1651,2,586,10:05,14
1652,2,451,11:35,10
1653,2,470,09:50,13
1654,1,183,13:05,12
1655,2,66,21:00,3
1656,1,135,20:15,8
1657,2,627,11:40,5
1658,1,78,14:15,12
1659,1,564,21:30,1
1660,2,440,11:15,7
1661,1,292,14:55,10
1662,2,302,10:30,8
1663,2,631,13:10,10
1664,2,401,11:40,8
1665,2,49,17:55,6
1666,2,366,20:35,1
1667,2,104,08:00,7
1668,2,74,10:40,12
1669,2,240,12:45,6
1670,2,68,11:05,4
1671,2,202,14:15,13
1672,1,573,10:15,11
1673,2,536,11:30,2
1674,1,49,10:05,3
1675,2,623,12:40,12
1676,1,632,08:15,5
1677,1,384,18:35,10
1678,2,101,22:20,10
1679,2,239,15:35,3
1680,1,121,18:00,10
1681,1,30,12:50,7
1682,2,262,20:10,1
1683,1,10,21:10,10
1684,2,654,09:35,2
1685,1,548,10:55,13
1686,2,586,16:50,10
1687,1,217,10:25,5
1688,1,212,17:20,9
1689,2,627,14:25,4
1690,1,663,13:05,1
1691,2,537,11:20,1
1692,2,32,14:45,5
1693,2,296,10:25,9
1694,2,236,20:10,7
1695,2,148,14:20,12
1696,2,115,22:05,10
1697,2,318,20:45,5
1698,2,287,21:35,1
1699,1,457,09:05,2
1700,1,461,21:00,14
1701,2,218,16:10,6
1702,1,288,15:25,7
1703,2,407,17:30,11
1704,2,1,10:50,14
1705,2,77,19:05,11
1706,1,602,18:35,10
1707,2,83,11:50,13
1708,1,160,10:10,2
1709,1,360,16:35,9
1710,1,9,11:15,12
1711,2,408,08:20,14
1712,2,3,16:25,3
1713,2,280,16:30,7
1714,1,506,17:00,12
1715,2,502,11:30,13
1716,2,316,13:35,14
1717,2,219,13:45,2
1718,1,471,19:35,14
1719,1,227,15:30,11
1720,1,599,19:35,10
1721,1,654,09:15,14
1722,2,413,21:35,12
1723,1,504,20:05,6
1724,1,554,13:50,4
1725,2,418,12:40,11
1726,2,394,10:35,4
1727,1,322,14:15,11
1728,1,222,13:40,1
1729,1,179,21:25,1
1730,2,597,15:05,8
1731,2,209,18:20,12
1732,1,289,17:55,3
1733,2,619,15:25,5
1734,2,503,16:30,10
1735,2,619,20:05,14
1736,2,311,20:45,5
1737,2,90,09:20,8
1738,1,424,14:20,4
1739,1,138,11:10,1
1740,1,156,15:25,9
1741,1,622,07:00,14
1742,1,612,11:25,5
1743,2,221,18:05,4
1744,1,155,09:15,6
1745,1,332,12:50,11
1746,2,587,15:35,3
1747,1,331,10:25,12
1748,2,414,11:15,10
1749,2,373,07:35,10
1750,1,52,22:05,13
1751,1,224,19:40,14
1752,2,483,10:25,11
1753,2,227,09:30,6
1754,1,89,13:50,3
1755,2,402,19:10,10
1756,1,474,10:55,10
1757,1,446,10:55,13
1758,2,637,08:20,8
1759,1,70,14:05,6
1760,2,16,19:55,10
1761,2,426,09:25,7
1762,1,581,15:25,9
1763,1,567,17:10,12
1764,2,523,08:25,12
1765,2,380,08:25,6
1766,2,159,11:40,7
1767,1,287,16:30,14
1768,2,551,19:30,12
1769,2,404,13:55,6
1770,1,209,18:00,6
1771,2,41,09:40,1
1772,1,647,07:35,9
1773,2,124,20:55,1
1774,2,510,21:35,11
1775,1,460,18:20,12
1776,1,30,18:40,11
1777,1,382,20:15,4
1778,2,389,10:00,9
1779,1,100,10:45,10
1780,2,76,09:05,12
1781,1,474,13:25,8
1782,2,211,19:40,7
1783,2,556,17:20,11
1784,1,382,22:35,8
1785,1,96,22:15,14
1786,2,178,17:30,6
1787,1,562,20:00,5
1788,2,543,20:05,1
1789,1,655,11:45,5
1790,1,251,22:30,7
1791,1,601,20:35,7
1792,2,145,10:55,12
1793,1,348,10:00,13
1794,2,414,19:35,3
1795,2,518,16:30,13
1796,2,204,22:15,2
1797,1,404,11:15,2
1798,2,531,22:20,1
1799,1,638,14:00,8
1800,2,327,21:15,6
1801,1,509,08:05,12
1802,2,4,10:15,1
1803,1,138,17:30,13
1804,2,643,11:15,14
1805,1,578,18:40,6
1806,1,310,16:15,4
1807,1,583,15:55,5
1808,1,501,09:05,1
1809,1,249,08:45,10
1810,2,42,12:05,10
1811,1,578,20:25,11
1812,2,444,14:40,13
1813,1,96,19:20,2
1814,1,548,18:30,1
1815,2,415,11:35,5
1816,1,44,10:30,14
1817,2,505,17:30,11
1818,1,65,15:20,13
1819,1,344,09:30,1
1820,1,277,10:25,2
1821,1,625,14:00,4
1822,1,247,12:10,3
1823,1,30,09:00,12
1824,1,68,21:00,11
1825,2,55,21:15,10
1826,2,12,16:30,11
1827,1,48,07:40,6
1828,1,574,16:40,12
1829,2,540,17:05,2
1830,2,435,17:10,12
1831,2,38,13:55,10
1832,1,428,18:10,11
1833,1,92,19:05,11
1834,1,15,15:15,10
1835,2,537,22:10,8
1836,1,347,19:40,2
1837,2,18,08:35,1
1838,2,227,13:10,5
1839,1,425,14:05,4
1840,1,636,18:15,3
1841,2,255,18:30,11
1842,1,432,13:15,10
1843,2,592,11:05,10
1844,1,263,16:20,8
1845,2,534,19:25,7
1846,2,595,20:55,8
1847,1,495,19:55,14
1848,1,221,09:15,12
1849,1,322,19:55,7
1850,2,413,09:10,8
1851,1,580,10:35,3
1852,2,372,21:10,9
1853,1,494,11:35,2
1854,1,177,10:30,4
1855,2,394,08:05,9
1856,2,598,11:15,6
1857,2,436,10:10,14
1858,2,494,21:50,2
1859,2,364,12:00,11
1860,2,629,17:05,14
1861,1,491,21:00,9
1862,1,218,17:35,13
1863,2,409,19:55,4
1864,2,459,21:55,5
1865,1,259,20:00,9
1866,1,538,08:00,14
1867,1,164,11:10,7
1868,1,45,17:25,3
1869,2,193,12:25,7
1870,1,513,21:25,14
1871,2,515,14:05,1
1872,1,546,16:25,10
1873,1,40,07:00,4
1874,1,233,21:10,11
1875,2,40,12:05,14
1876,1,167,09:00,12
1877,1,76,10:05,7
1878,1,385,15:05,7
1879,2,303,08:00,10
1880,1,604,18:35,10
1881,1,551,09:20,4
1882,1,340,12:35,4
1883,2,397,09:00,11
1884,1,442,12:05,10
1885,1,287,21:05,2
1886,1,240,21:20,2
1887,1,379,10:50,5
1888,1,599,16:25,6
1889,1,313,15:00,9
1890,2,149,19:20,7
1891,1,457,12:10,8
1892,2,518,12:05,1
1893,2,140,21:35,8
1894,1,142,21:15,10
1895,2,559,20:15,4
1896,1,28,12:00,12
1897,2,440,14:40,2
1898,2,224,16:30,10
1899,2,214,18:20,7
1900,1,435,10:20,6
1901,1,419,20:45,5
1902,2,322,14:35,14
1903,1,506,19:35,10
1904,2,206,15:30,10
1905,2,663,11:05,6
1906,2,358,11:20,13
1907,1,142,07:45,2
1908,1,359,17:00,2
1909,1,303,07:30,1
1910,1,243,19:35,5
1911,1,601,08:05,10
1912,2,278,19:20,11
1913,1,56,18:40,10
1914,1,204,12:10,4
1915,2,365,13:30,11
1916,2,654,16:30,10
1917,1,312,08:00,13
1918,1,591,07:25,10
1919,1,31,20:00,11
1920,1,50,18:30,9
1921,2,134,16:45,1
1922,1,346,19:20,11
1923,2,258,07:55,1
1924,1,533,17:35,4
1925,2,93,08:00,10
1926,1,36,17:30,14
1927,1,398,17:10,13
1928,2,595,14:30,12
1929,1,190,15:30,5
1930,2,558,15:35,11
1931,1,591,22:20,14
1932,2,86,08:50,8
1933,1,254,21:15,6
1934,2,607,10:30,12
1935,2,668,15:40,10
1936,2,501,07:50,5
1937,1,568,14:10,9
1938,1,56,10:35,2
1939,2,651,18:35,5
1940,1,616,10:15,2
1941,1,532,07:45,7
1942,2,555,10:20,9
1943,1,340,11:25,2
1944,1,32,21:05,11
1945,2,16,10:10,10
1946,2,244,08:20,3
1947,2,290,21:40,4
1948,1,61,09:00,7
1949,2,649,16:40,13
1950,2,584,20:25,14
1951,2,80,12:00,1
1952,1,184,12:20,9
1953,1,75,14:20,10
1954,1,204,10:20,5
1955,2,259,18:35,14
1956,2,166,16:15,1
1957,1,299,19:00,11
1958,2,313,10:20,2
1959,1,371,16:30,1
1960,1,180,08:15,2
1961,1,213,16:35,5
1962,2,545,22:35,3
1963,2,470,16:55,1
1964,2,356,16:25,5
1965,1,220,21:05,9
1966,1,401,11:30,9
1967,2,387,14:15,8
1968,1,307,20:55,6
1969,2,346,17:05,11
1970,2,574,21:05,9
1971,2,156,22:20,3
1972,2,502,11:55,3
1973,1,452,08:25,12
1974,1,222,19:55,1
1975,1,512,19:00,8
1976,2,341,21:15,9
1977,1,630,10:45,10
1978,1,92,16:25,1
1979,1,512,13:20,13
1980,2,375,10:00,14
1981,2,456,15:35,2
1982,2,83,14:55,2
1983,2,639,14:35,5
1984,2,341,10:55,11
1985,2,598,17:30,10
1986,1,269,20:00,9
1987,2,161,12:35,10
1988,1,648,09:10,13
1989,1,554,11:45,6
1990,1,85,15:05,9
1991,2,466,18:10,9
1992,2,349,10:55,14
1993,2,147,11:15,1
1994,2,549,16:30,4
1995,2,582,16:10,14
1996,1,115,09:40,8
1997,1,76,16:30,9
1998,1,374,20:30,12
1999,2,85,10:20,1
2000,1,294,18:10,8
2001,2,242,16:05,14
2002,1,405,15:50,10
2003,2,120,20:20,5
2004,2,254,09:05,9
2005,1,77,14:50,10
2006,1,559,15:15,4
2007,1,419,21:45,12
2008,1,407,10:20,12
2009,1,426,07:50,10
2010,2,660,13:20,3
2011,2,574,13:45,9
2012,1,567,13:35,3
2013,2,589,16:20,7
2014,2,534,13:10,11
2015,1,347,15:20,7
2016,1,474,22:25,12
2017,1,188,14:10,14
2018,1,176,21:10,8
2019,1,102,15:20,11
2020,2,319,20:00,6
2021,1,560,16:35,7
2022,1,17,18:15,7
2023,2,350,10:50,12
2024,2,600,15:40,10
2025,2,323,08:40,8
2026,1,75,10:30,11
2027,2,549,16:10,8
2028,1,383,10:50,8
2029,1,271,20:15,5
2030,2,313,21:35,13
2031,1,630,13:55,1
2032,1,10,19:20,5
2033,1,585,09:55,6
2034,2,580,15:05,10
2035,1,415,15:05,2
2036,1,312,18:50,1
2037,2,145,21:25,12
2038,1,4,16:05,2
2039,2,231,11:10,1
2040,1,20,09:25,11
2041,1,152,18:50,3
2042,2,378,15:35,7
2043,1,217,18:45,10
2044,2,102,09:35,14
2045,1,345,19:45,12
2046,2,162,08:55,9
2047,1,616,14:00,4
2048,1,34,12:40,14
2049,1,650,17:15,2
2050,1,657,10:10,4
2051,2,117,08:20,5
2052,2,198,15:30,8
2053,2,490,16:15,10
2054,1,28,19:05,2
2055,2,418,09:05,10
2056,2,61,08:20,12
2057,2,518,07:10,5
2058,2,626,21:30,9
2059,1,498,09:50,4
2060,1,175,08:55,9
2061,1,214,13:35,1
2062,2,505,21:30,6
2063,2,209,17:15,8
2064,2,348,20:30,4
2065,2,647,16:05,7
2066,1,188,21:05,5
2067,2,611,17:05,1
2068,1,409,19:25,10
2069,1,228,18:25,9
2070,2,605,21:20,11
2071,1,593,09:45,6
2072,2,593,21:25,3
2073,2,411,20:45,6
2074,1,144,19:35,14
2075,1,258,22:35,5
2076,2,503,19:35,5
2077,2,508,12:25,11
2078,2,450,10:00,8
2079,1,428,18:50,3
2080,2,495,13:50,11
2081,2,530,15:05,2
2082,1,395,08:00,6
2083,1,325,19:30,10
2084,1,485,09:00,5
2085,2,579,19:50,3
2086,2,371,07:30,1
2087,2,61,12:05,13
2088,2,177,19:10,10
2089,2,147,20:00,7
2090,1,389,11:25,1
2091,2,218,13:40,4
2092,2,244,17:30,13
2093,2,243,17:10,12
2094,2,251,19:15,7
2095,1,191,17:25,8
2096,2,60,21:55,2
2097,2,250,19:55,13
2098,1,291,19:05,7
2099,1,69,08:05,7
2100,2,661,08:35,5
2101,2,322,08:05,14
2102,2,642,09:40,8
2103,1,140,17:15,3
2104,1,114,21:05,7
2105,2,577,17:25,6
2106,1,389,22:25,13
2107,2,210,18:00,2
2108,2,662,14:45,6
2109,1,72,08:00,12
2110,2,414,12:05,4
2111,2,630,12:25,3
2112,1,177,21:30,8
2113,1,313,21:30,4
2114,2,500,11:35,14
2115,2,237,10:15,13
2116,2,216,14:10,5
2117,2,458,10:10,10
2118,2,571,19:55,13
2119,2,140,09:15,4
2120,1,526,08:40,3
2121,2,484,10:30,4
2122,1,541,19:10,7
2123,1,11,13:35,10
2124,1,276,20:20,10
2125,1,618,08:45,10
2126,1,610,18:35,11
2127,2,193,11:05,11
2128,2,4,21:10,14
2129,2,390,13:35,6
2130,1,574,16:40,12
2131,1,232,21:35,13
2132,2,117,07:05,14
2133,1,250,17:45,11
2134,2,491,19:35,6
2135,2,554,20:10,11
2136,1,231,08:40,5
2137,1,197,21:20,9
2138,2,36,09:30,8
2139,2,419,17:10,2
2140,1,477,18:40,3
2141,1,380,20:00,7
2142,2,105,08:10,1
2143,1,275,09:10,6
2144,2,330,19:55,9
2145,1,169,10:05,11
2146,1,600,13:00,11
2147,1,417,12:10,5
2148,2,429,19:00,12
2149,2,211,08:15,3
2150,2,61,12:15,10
2151,2,498,12:30,9
2152,2,428,14:15,2
2153,2,483,13:35,9
2154,1,59,08:50,3
2155,2,638,07:10,7
2156,2,607,09:25,6
2157,2,32,11:30,1
2158,1,637,11:50,3
2159,1,84,11:30,1
2160,2,634,17:20,5
2161,1,425,18:35,14
2162,1,328,21:15,10
2163,2,233,17:15,12
2164,1,182,08:05,9
2165,2,445,14:55,11
2166,2,373,07:35,5
2167,1,455,10:25,13
2168,2,318,10:55,1
2169,2,222,12:05,7
2170,1,667,16:35,9
2171,1,464,18:50,3
2172,2,590,22:05,4
2173,2,152,20:10,12
2174,1,47,13:45,14
2175,1,156,13:40,11
2176,1,397,15:25,13
2177,1,658,18:30,1
2178,2,117,16:30,12
2179,2,329,21:05,5
2180,2,77,19:25,14
2181,1,517,18:50,11
2182,2,162,08:25,12
2183,1,611,15:35,14
2184,2,623,10:50,10
2185,2,443,18:30,6
2186,1,581,08:40,8
2187,1,432,11:00,6
2188,2,302,20:15,1
2189,1,439,15:35,13
2190,1,601,22:25,12
2191,2,559,08:00,4
2192,2,274,09:30,12
2193,1,184,11:05,5
2194,1,268,18:05,8
2195,2,78,09:25,8
2196,1,510,12:10,1
2197,2,602,10:20,10
2198,2,405,20:00,6
2199,1,513,13:20,2
2200,1,338,13:50,14
2201,2,157,18:00,11
2202,2,499,13:00,6
2203,1,312,20:30,12
2204,2,306,20:35,14
2205,2,245,12:20,9
2206,1,67,21:15,4
2207,2,593,09:20,1
2208,2,306,16:20,14
2209,2,173,07:25,11
2210,1,414,18:10,9
2211,1,623,09:25,4
2212,1,102,08:20,14
2213,2,145,11:20,2
2214,1,341,20:20,5
2215,2,171,11:55,12
2216,2,336,12:00,9
2217,2,639,16:00,8
2218,1,551,19:35,2
2219,1,74,12:10,6
2220,1,540,14:30,7
2221,1,63,14:10,6
2222,1,526,19:45,14
2223,2,389,07:30,4
2224,1,362,09:35,3
2225,1,486,13:25,14
2226,2,601,17:15,14
2227,1,268,12:35,7
2228,2,628,14:20,1
2229,1,324,21:35,9
2230,2,592,17:00,3
2231,1,319,09:25,14
2232,1,651,07:15,2
2233,1,203,09:35,11
2234,2,608,22:20,11
2235,2,248,08:20,5
2236,2,187,12:00,13
2237,1,93,08:40,13
2238,1,216,09:15,3
2239,2,413,09:45,12
2240,2,183,11:55,7
2241,1,105,12:25,10
2242,2,345,15:45,11
2243,1,472,16:00,11
2244,2,99,09:25,3
2245,2,395,08:25,13
2246,1,61,14:25,2
2247,1,188,21:45,9
2248,1,510,09:25,6
2249,2,58,20:30,1
2250,2,443,18:15,5
2251,2,475,08:10,5
2252,1,2,14:15,4
2253,2,515,13:35,4
2254,1,349,13:25,9
2255,2,352,14:40,8
2256,2,564,21:25,14
2257,2,392,22:25,9
2258,2,133,07:05,2
2259,1,527,07:50,5
2260,1,323,12:15,10
2261,1,505,19:00,8
2262,2,202,17:10,8
2263,1,272,18:25,13
2264,2,557,07:40,9
2265,1,99,08:25,10
2266,2,417,13:45,14
2267,2,442,15:40,3
2268,2,225,14:25,9
2269,2,628,14:05,7
2270,2,476,19:35,12
2271,2,424,15:15,13
2272,1,134,12:05,10
2273,1,257,13:10,6
2274,2,156,12:30,4
2275,1,108,12:10,10
2276,2,459,20:30,9
2277,1,122,14:15,12
2278,2,496,11:50,11
2279,1,493,16:10,8
2280,1,382,20:05,5
2281,1,2,18:25,1
2282,2,207,17:20,7
2283,2,628,16:15,14
2284,2,251,14:25,1
2285,1,492,11:35,10
2286,2,61,17:00,3
2287,1,49,08:15,11
2288,2,655,08:10,1
2289,2,493,08:50,7
2290,2,210,19:20,9
2291,2,580,17:55,5
2292,2,35,11:50,9
2293,1,102,08:10,3
2294,2,494,09:20,3
2295,2,528,22:20,8
2296,2,599,09:55,13
2297,1,614,13:00,7
2298,1,470,18:15,4
2299,1,15,17:20,14
2300,1,317,15:15,13
2301,2,50,12:40,4
2302,2,24,11:20,2
2303,2,130,17:35,5
2304,2,184,11:35,10
2305,1,80,19:30,14
2306,1,421,14:05,3
2307,2,512,08:35,1
2308,1,414,19:00,2
2309,1,149,13:30,8
2310,2,184,18:45,11
2311,2,451,09:00,3
2312,2,473,15:10,11
2313,2,367,22:10,8
2314,2,90,19:35,14
2315,1,61,16:55,12
2316,1,234,20:25,2
2317,1,476,07:50,3
2318,1,89,11:30,1
2319,2,567,08:05,10
2320,1,546,11:05,12
2321,1,194,21:40,8
2322,1,335,10:10,7
2323,1,468,15:50,4
2324,2,376,10:00,3
2325,1,225,16:05,8
2326,1,599,21:00,6
2327,2,249,22:25,3
2328,1,532,12:55,2
2329,2,534,18:30,1
2330,1,306,20:00,9
2331,1,286,09:00,6
2332,2,619,18:30,4
2333,1,175,13:30,4
2334,2,370,11:05,7
2335,2,378,21:30,2
2336,1,573,19:45,13
2337,2,659,18:00,7
2338,2,204,12:10,10
2339,2,66,08:10,14
2340,2,466,19:35,13
2341,1,579,09:00,3
2342,2,353,13:05,8
2343,2,347,15:25,4
2344,2,560,08:20,3
2345,2,148,17:20,14
2346,1,292,19:05,11
2347,1,294,10:50,6
2348,1,163,16:20,5
2349,2,121,17:20,5
2350,1,571,19:20,1
2351,2,117,11:50,11
2352,2,98,20:35,6
2353,2,635,15:30,12
2354,2,259,11:50,11
2355,2,366,22:35,3
2356,1,67,20:40,4
2357,2,250,13:40,9
2358,2,200,14:20,6
2359,2,637,08:25,12
2360,1,70,14:25,10
2361,2,485,08:00,9
2362,2,145,20:00,11
2363,1,25,11:05,1
2364,1,238,18:50,12
2365,2,248,16:35,5
2366,2,566,15:25,14
2367,1,607,11:35,10
2368,1,408,17:10,14
2369,2,179,09:25,13
2370,1,638,17:00,6
2371,2,661,12:00,14
2372,2,449,08:45,5
2373,1,573,20:30,12
2374,2,242,07:45,2
2375,2,85,14:45,11
2376,2,213,20:20,11
2377,1,608,10:00,9
2378,1,129,13:35,10
2379,2,492,13:00,13
2380,1,658,14:10,2
2381,2,258,13:45,9
2382,1,36,11:25,8
2383,1,357,09:20,2
2384,1,582,19:25,1
2385,1,232,18:25,1
2386,2,219,22:15,11
2387,1,303,21:15,3
2388,1,182,20:10,12
2389,1,99,21:40,14
2390,2,147,09:30,12
2391,1,3,21:35,5
2392,1,605,09:35,5
2393,1,58,20:15,4
2394,2,407,11:30,3
2395,2,526,18:55,11
2396,2,323,17:30,2
2397,1,367,13:35,6
2398,1,347,14:05,9
2399,1,502,17:35,7
2400,1,403,17:35,8
2401,1,176,16:35,3
2402,1,350,21:25,6
2403,2,201,10:35,8
2404,1,368,10:10,4
2405,2,103,18:20,14
2406,2,300,08:15,6
2407,2,444,14:05,5
2408,1,7,20:50,1
2409,1,244,15:20,8
2410,1,506,15:50,2
2411,1,55,14:50,10
2412,1,170,11:10,9
2413,2,397,20:15,7
2414,2,115,21:50,8
2415,2,41,08:15,2
2416,2,325,11:00,6
2417,2,48,19:35,1
2418,1,45,16:35,9
2419,1,275,19:30,7
2420,1,541,19:35,8
2421,1,205,16:20,13
2422,2,61,13:55,1
2423,1,537,21:20,13
2424,1,157,07:40,7
2425,1,216,20:00,6
2426,2,598,20:15,14
2427,2,420,11:45,11
2428,1,145,17:05,3
2429,2,250,12:10,13
2430,1,124,20:40,10
2431,2,113,18:10,6
2432,2,576,08:00,14
2433,1,244,15:15,12
2434,2,314,09:05,4
2435,1,2,08:20,3
2436,2,412,12:25,2
2437,1,637,11:40,9
2438,2,138,16:00,13
2439,1,630,16:15,2
2440,1,512,20:05,8
2441,1,581,15:15,11
2442,2,157,16:15,11
2443,1,640,18:50,7
2444,2,259,18:55,11
2445,2,323,14:30,13
2446,2,583,17:35,2
2447,2,620,14:35,4
2448,1,263,17:50,11
2449,1,246,09:15,2
2450,2,185,18:10,8
2451,1,16,15:05,3
2452,2,210,13:05,8
2453,2,405,18:20,11
2454,1,358,09:30,10
2455,2,240,09:10,2
2456,1,456,21:10,6
2457,1,136,18:15,3
2458,2,523,10:50,13
2459,2,249,13:45,1
2460,1,525,14:50,1
2461,2,643,09:25,3
2462,1,39,20:35,9
2463,2,552,19:15,1
2464,2,568,21:05,12
2465,1,75,13:25,10
2466,1,513,12:55,6
2467,1,4,11:25,12
2468,2,525,14:20,13
2469,2,132,13:50,5
2470,1,167,17:15,1
2471,1,395,12:05,11
2472,1,118,22:35,11
2473,2,645,17:40,6
2474,1,133,13:40,3
2475,2,585,10:00,12
2476,2,336,08:55,12
2477,1,201,22:15,6
2478,1,404,10:25,7
2479,2,458,08:30,5
2480,2,383,11:10,5
2481,2,420,21:10,9
2482,1,457,18:10,3
2483,2,342,08:05,14
2484,1,467,13:15,6
2485,2,403,18:15,7
2486,2,475,08:30,7
2487,1,531,21:00,4
2488,2,33,19:50,3
2489,2,98,09:05,9
2490,1,58,19:50,3
2491,2,275,18:20,6
2492,1,13,13:40,2
2493,2,15,19:30,10
2494,1,619,22:25,13
2495,2,170,12:05,4
2496,2,625,15:05,3
2497,2,611,21:00,1
2498,1,471,12:35,6
2499,1,216,15:50,8
2500,1,119,21:30,4
2501,1,208,11:55,12
2502,2,184,16:25,12
2503,1,38,08:20,2
2504,1,4,15:40,3
2505,2,93,19:55,13
2506,1,379,09:10,5
2507,2,505,14:25,3
2508,1,398,17:25,8
2509,2,268,21:05,11
2510,1,253,21:30,14
2511,2,651,11:20,6
2512,1,446,13:10,10
2513,2,429,18:10,13
2514,1,581,18:30,13
2515,2,340,18:15,3
2516,1,334,11:40,11
2517,1,403,09:20,12
2518,2,594,12:05,11
2519,2,167,17:05,5
2520,2,575,17:00,13
2521,2,102,15:55,2
2522,2,3,20:45,14
2523,2,209,11:05,10
2524,2,363,16:10,9
2525,1,190,13:20,7
2526,1,144,16:35,12
2527,1,48,13:15,13
2528,1,27,15:30,14
2529,1,119,12:30,9
2530,1,287,18:15,5
2531,2,149,22:25,3
2532,1,302,22:20,1
2533,2,281,22:20,13
2534,2,75,18:35,14
2535,1,556,19:45,10
2536,1,212,21:50,14
2537,2,185,18:25,7
2538,1,101,07:20,10
2539,2,64,11:10,8
2540,2,195,14:20,13
2541,1,552,14:05,14
2542,1,339,09:15,2
2543,1,177,13:25,8
2544,2,108,20:25,6
2545,2,10,14:45,8
2546,1,420,08:45,11
2547,2,460,11:10,14
2548,2,153,19:15,4
2549,2,155,20:05,13
2550,1,570,08:10,4
2551,2,111,16:30,5
2552,2,442,11:25,13
2553,1,255,16:30,9
2554,1,501,07:10,6
2555,1,120,17:00,12
2556,2,86,21:20,2
2557,1,621,10:10,13
2558,1,389,18:20,13
2559,2,90,08:10,8
2560,2,569,13:10,13
2561,1,37,07:50,10
2562,2,175,12:35,2
2563,2,305,07:45,6
2564,2,626,18:20,12
2565,2,216,14:00,3
2566,1,64,14:15,9
2567,1,449,09:10,3
2568,1,497,20:35,4
2569,2,107,12:15,4
2570,1,479,09:30,12
2571,2,145,11:20,8
2572,1,227,08:05,11
2573,2,59,21:50,3
2574,1,155,08:30,10
2575,1,109,13:50,10
2576,2,62,16:25,14
2577,1,226,13:35,9
2578,1,30,17:35,11
2579,1,587,22:35,2
2580,2,414,14:30,3
2581,2,31,16:05,4
2582,1,665,13:05,11
2583,1,450,14:45,12
2584,1,646,17:35,7
2585,1,84,21:35,12
2586,2,337,14:55,3
2587,1,429,21:10,3
2588,2,640,13:00,1
2589,1,515,16:40,2
2590,2,291,11:45,7
2591,1,259,21:30,7
2592,1,30,12:30,6
2593,2,277,10:35,9
2594,2,396,18:25,12
2595,1,107,17:20,14
2596,1,590,12:40,13
2597,1,248,22:20,4
2598,1,423,17:00,10
2599,2,57,16:20,4
2600,1,637,12:20,6
2601,2,138,22:00,12
2602,1,77,16:55,7
2603,1,180,08:05,7
2604,1,428,15:25,8
2605,1,278,18:15,4
2606,1,443,16:10,10
2607,1,76,14:55,12
2608,1,211,09:10,12
2609,2,95,19:40,10
2610,2,277,13:05,5
2611,1,292,08:15,9
2612,1,541,18:35,10
2613,1,169,21:25,6
2614,1,300,07:30,10
2615,1,611,21:25,7
2616,1,199,17:25,10
2617,2,575,12:35,12
2618,2,469,13:55,6
2619,2,500,15:05,13
2620,1,162,09:20,4
2621,2,653,20:20,3
2622,1,59,22:10,1
2623,1,615,08:45,5
2624,2,39,10:30,1
2625,2,15,11:50,5
2626,1,568,15:10,6
2627,2,617,13:15,11
2628,1,114,19:30,1
2629,1,571,13:25,3
2630,2,498,19:05,2
2631,2,153,15:05,2
2632,1,60,22:20,10
2633,1,121,15:45,6
2634,1,422,10:30,2
2635,1,523,11:05,14
2636,1,28,15:55,5
2637,1,571,09:55,12
2638,2,489,15:20,13
2639,1,498,11:30,7
2640,1,37,19:30,8
2641,2,599,15:35,2
2642,2,405,15:40,7
2643,1,335,09:15,9
2644,1,331,19:00,11
2645,1,510,13:20,8
2646,1,653,15:50,9
2647,2,446,07:50,6
2648,2,539,08:20,12
2649,2,243,12:25,6
2650,1,475,10:20,11
2651,2,142,09:05,13
2652,1,356,08:15,11
2653,1,592,21:55,4
2654,1,329,17:35,11
2655,2,637,12:20,3
2656,1,296,07:20,13
2657,1,418,08:55,12
2658,2,165,20:05,4
2659,2,371,11:20,2
2660,1,320,07:20,10
2661,2,301,20:20,11
2662,2,38,17:45,14
2663,2,591,20:15,12
2664,1,605,13:15,14
2665,1,320,17:20,11
2666,2,218,11:45,14
2667,2,120,17:10,9
2668,1,325,15:20,13
2669,1,347,21:35,4
2670,2,220,20:25,11
2671,2,126,21:00,8
2672,2,479,18:45,12
2673,2,479,21:35,9
2674,1,377,14:20,11
2675,1,256,11:55,2
2676,2,219,11:20,8
2677,2,442,17:30,8
2678,2,57,08:40,2
2679,2,469,18:00,11
2680,2,335,08:20,11
2681,1,537,18:20,3
2682,1,220,12:10,7
2683,2,395,07:00,10
2684,1,178,12:05,11
2685,2,474,09:00,11
2686,2,362,16:15,5
2687,1,26,17:25,1
2688,1,502,11:40,11
2689,2,292,17:15,5
2690,1,365,14:10,14
2691,1,403,19:10,7
2692,1,483,18:15,10
2693,2,431,15:40,7
2694,2,140,08:35,10
2695,1,313,18:25,5
2696,1,555,20:30,7
2697,1,29,08:00,4
2698,1,612,18:20,8
2699,2,26,08:40,2
2700,1,245,13:05,4
2701,1,146,18:00,8
2702,1,302,13:00,12
2703,1,97,20:45,8
2704,1,63,18:20,11
2705,1,560,19:15,4
2706,1,218,11:25,10
2707,2,437,14:05,5
2708,1,442,10:05,8
2709,2,431,09:55,11
2710,2,550,14:35,7
2711,2,308,12:05,8
2712,2,71,20:10,1
2713,1,110,14:00,5
2714,1,514,13:35,1
2715,2,599,21:30,9
2716,2,600,12:35,4
2717,2,2,12:15,9
2718,1,158,14:20,14
2719,2,387,14:05,13
2720,1,155,19:00,12
2721,2,604,11:10,1
2722,1,166,11:25,3
2723,1,367,17:00,9
2724,1,223,22:35,3
2725,2,663,14:15,5
2726,1,12,19:25,2
2727,1,601,09:25,3
2728,1,448,10:20,7
2729,1,627,16:30,13
2730,2,123,18:30,4
2731,2,643,07:55,9
2732,1,478,13:10,11
2733,1,504,16:25,11
2734,2,479,10:00,10
2735,2,361,13:30,4
2736,1,460,19:25,7
2737,1,266,13:10,10
2738,1,49,17:10,7
2739,1,163,10:00,6
2740,1,73,08:50,4
2741,2,11,07:55,2
2742,1,649,20:25,8
2743,1,553,18:35,11
2744,2,283,21:45,8
2745,1,199,22:00,12
2746,1,570,14:40,8
2747,1,77,16:25,13
2748,2,361,10:30,13
2749,1,406,11:30,3
2750,2,357,07:55,1
2751,2,180,09:45,12
2752,1,565,15:15,9
2753,1,543,17:40,8
2754,1,109,13:35,8
2755,2,405,12:45,2
2756,2,426,08:00,3
2757,2,223,18:15,1
2758,2,441,14:20,10
2759,1,610,13:35,3
2760,1,45,16:30,7
2761,2,403,18:40,1
2762,2,483,08:00,4
2763,1,320,19:40,11
2764,2,588,09:30,9
2765,2,219,10:25,3
2766,2,254,10:30,1
2767,1,632,21:10,11
2768,1,58,14:35,10
2769,1,431,17:30,6
2770,1,313,21:10,9
2771,2,591,21:10,1
2772,2,418,08:05,7
2773,2,274,22:00,8
2774,2,413,12:20,14
2775,2,258,10:20,13
2776,2,351,10:25,11
2777,1,60,09:40,5
2778,1,320,14:15,12
2779,1,253,19:45,13
2780,2,367,08:05,4
2781,1,327,17:20,3
2782,1,638,13:10,4
2783,2,442,10:10,4
2784,1,231,21:15,9
2785,1,464,10:15,8
2786,1,472,22:05,4
2787,1,642,13:35,12
2788,2,469,10:30,4
2789,1,293,19:30,8
2790,2,65,16:40,11
2791,2,309,12:35,1
2792,2,439,13:40,3
2793,2,23,21:10,2
2794,1,611,12:25,14
2795,2,77,18:05,2
2796,2,114,14:15,13
2797,1,138,11:50,14
2798,1,8,12:05,5
2799,1,63,16:35,1
2800,1,628,14:45,6
2801,1,102,12:00,11
2802,2,489,09:55,11
2803,1,418,12:00,4
2804,2,483,12:25,13
2805,2,445,10:30,6
2806,2,155,20:15,2
2807,2,189,10:50,10
2808,1,21,14:45,3
2809,1,216,07:40,1
2810,2,232,14:00,5
2811,2,508,19:55,4
2812,1,594,08:05,13
2813,1,218,15:10,6
2814,2,226,09:20,13
2815,1,201,08:35,10
2816,1,198,13:15,2
2817,2,179,16:15,13
2818,2,212,20:30,3
2819,1,637,15:25,3
2820,1,375,17:00,6
2821,2,131,21:00,14
2822,2,480,13:50,12
2823,2,298,18:30,9
2824,2,338,20:30,10
2825,2,276,08:00,14
2826,1,518,18:10,10
2827,1,87,13:05,13
2828,1,615,10:55,4
2829,2,163,11:10,3
2830,1,100,10:10,10
2831,2,446,09:25,10
2832,2,457,16:40,3
2833,2,500,13:05,3
2834,2,98,18:35,13
2835,2,429,07:35,9
2836,2,158,19:25,1
2837,1,79,13:35,1
2838,1,490,22:15,7
2839,2,317,16:15,13
2840,2,336,18:20,5
2841,2,280,19:50,3
2842,1,118,12:15,6
2843,2,230,08:00,11
2844,2,174,19:25,1
2845,1,350,22:25,5
2846,2,33,09:25,11
2847,1,437,21:25,4
2848,1,342,14:00,4
2849,2,427,19:55,13
2850,1,54,15:45,11
2851,2,304,10:05,9
2852,2,336,21:55,9
2853,2,620,16:40,1
2854,1,158,18:35,13
2855,1,104,11:05,11
2856,1,408,13:10,12
2857,2,333,21:25,5
2858,2,198,13:40,14
2859,1,34,16:30,12
2860,1,345,14:20,2
2861,1,422,10:20,14
2862,2,60,20:00,9
2863,1,249,15:35,7
2864,2,469,19:20,2
2865,1,157,20:20,5
2866,1,84,21:00,3
2867,2,248,10:25,13
2868,2,471,21:25,6
2869,1,44,15:20,9
2870,1,525,20:25,8
2871,2,366,15:05,13
2872,2,162,08:40,8
2873,2,473,17:40,12
2874,1,453,19:05,6
2875,2,538,13:25,5
2876,1,411,11:05,7
2877,1,374,18:10,10
2878,1,368,08:05,13
2879,1,328,16:25,14
2880,2,177,09:20,13
2881,1,460,09:10,8
2882,1,438,15:25,8
2883,2,477,16:40,14
2884,2,283,12:10,4
2885,2,602,15:05,9
2886,2,104,14:05,5
2887,1,582,17:20,13
2888,2,498,15:30,1
2889,1,641,11:35,1
2890,2,663,12:25,10
2891,2,388,07:50,7
2892,2,104,12:05,4
2893,1,604,20:25,11
2894,1,109,12:45,4
2895,2,323,08:45,7
2896,2,285,17:20,12
2897,1,131,13:45,1
2898,1,210,19:50,10
2899,2,538,12:15,1
2900,2,258,11:15,5
2901,2,224,18:45,14
2902,2,641,11:35,6
2903,2,1,16:35,8
2904,1,49,22:20,2
2905,1,262,19:40,4
2906,1,594,13:05,2
2907,2,352,18:00,14
2908,2,193,15:15,11
2909,1,164,13:30,13
2910,2,530,17:15,4
2911,2,83,20:00,1
2912,2,216,20:45,6
2913,1,219,18:00,8
2914,1,635,22:20,2
2915,1,117,08:30,8
2916,2,448,22:20,9
2917,1,462,07:50,9
2918,1,645,11:00,14
2919,2,314,14:10,2
2920,2,598,15:45,6
2921,2,22,08:35,2
2922,2,14,12:35,10
2923,1,595,16:00,10
2924,1,602,18:15,2
2925,2,168,11:35,12
2926,1,556,22:20,10
2927,2,285,18:20,13
2928,2,530,20:10,11
2929,2,441,14:40,5
2930,1,528,13:45,5
2931,2,299,15:05,5
2932,1,567,15:35,4
2933,1,319,19:55,14
2934,2,517,20:25,2
2935,1,102,13:25,14
2936,1,185,20:00,6
2937,1,311,19:25,5
2938,2,591,18:00,13
2939,1,641,21:05,3
2940,1,53,13:25,10
2941,2,17,14:45,9
2942,1,164,20:20,2
2943,2,76,17:35,7
2944,1,648,12:25,11
2945,1,509,13:25,12
2946,2,65,16:15,4
2947,2,200,13:00,10
2948,1,408,12:15,6
2949,1,380,15:25,6
2950,1,213,20:20,12
2951,2,328,08:05,6
2952,2,161,14:10,4
2953,2,360,20:00,13
2954,1,659,15:25,8
2955,2,572,13:55,3
2956,2,270,10:05,1
2957,2,336,19:40,13
2958,1,451,08:00,4
2959,2,85,11:45,1
2960,2,571,19:00,9
2961,1,137,13:30,3
2962,2,230,12:35,11
2963,1,381,20:15,10
2964,2,99,09:05,5
2965,2,555,21:40,8
2966,1,524,20:00,7
2967,2,660,18:20,6
2968,2,565,21:30,10
2969,2,473,15:10,5
2970,2,119,15:20,14
2971,1,97,11:10,14
2972,2,72,20:00,11
2973,1,562,08:25,13
2974,1,134,14:20,10
2975,1,489,21:10,7
2976,1,453,17:20,6
2977,2,384,10:35,2
2978,1,43,14:50,9
2979,2,619,20:10,14
2980,2,410,12:35,8
2981,1,540,13:50,4
2982,1,636,17:50,3
2983,1,266,20:10,11
2984,1,301,12:25,14
2985,1,229,19:35,5
2986,2,516,08:10,5
2987,2,323,10:15,14
2988,2,381,08:15,3
2989,1,580,17:40,12
2990,2,158,07:15,9
2991,1,489,17:05,6
2992,1,639,12:10,8
2993,2,240,14:15,9
2994,2,132,17:45,1
2995,1,183,22:25,11
2996,2,18,11:25,8
2997,2,382,16:05,6
2998,1,101,08:25,12
2999,2,256,18:00,1
3000,1,312,16:05,4
3001,1,648,14:40,11
3002,1,570,20:25,5
3003,2,79,14:40,14
3004,2,396,13:10,4
3005,2,457,17:25,10
3006,2,262,20:30,11
3007,1,114,08:25,13
3008,1,639,21:05,14
3009,1,289,13:45,9
3010,2,143,13:25,7
3011,2,605,22:30,9
3012,2,77,13:20,4
3013,1,613,17:10,5
3014,1,71,22:25,12
3015,1,451,11:50,14
3016,2,416,20:00,4
3017,1,666,12:00,8
3018,1,428,17:35,7
3019,2,450,15:30,4
3020,1,191,21:00,11
3021,1,158,21:00,4
3022,1,60,10:10,11
3023,1,451,14:35,6
3024,2,154,20:40,1
3025,1,562,11:15,7
3026,1,488,17:10,1
3027,2,96,20:05,13
3028,1,141,20:40,7
3029,2,114,19:10,6
3030,2,636,10:05,5
3031,1,165,20:15,1
3032,2,436,16:25,9
3033,1,291,18:50,10
3034,1,130,09:30,8
3035,1,270,16:35,3
3036,1,362,18:00,8
3037,2,391,14:40,10
3038,2,357,18:10,11
3039,1,252,08:30,11
3040,1,663,21:50,11
3041,2,647,17:50,14
3042,2,66,21:05,4
3043,2,589,09:00,3
3044,1,551,12:00,3
3045,2,259,09:30,5
3046,2,264,11:30,5
3047,2,199,15:05,1
3048,2,240,18:15,4
3049,2,389,21:45,6
3050,1,258,09:25,10
3051,2,481,10:45,13
3052,1,549,22:35,6
3053,1,244,14:35,10
3054,2,138,14:15,8
3055,1,20,09:10,11
3056,2,270,12:05,7
3057,2,642,12:00,5
3058,1,22,20:30,11
3059,1,118,17:50,13
3060,1,481,20:05,13
3061,1,397,16:25,13
3062,2,238,19:35,6
3063,2,297,15:05,9
3064,2,426,11:25,5
3065,2,304,11:35,8
3066,1,551,18:25,1
3067,2,55,07:40,1
3068,2,521,19:20,3
3069,2,227,12:25,10
3070,2,28,15:00,5
3071,2,98,11:30,12
3072,1,247,10:30,11
3073,1,3,08:40,8
3074,1,77,10:15,8
3075,2,255,14:45,12
3076,1,336,15:25,13
3077,1,257,19:15,14
3078,2,101,07:55,13
3079,1,477,15:25,4
3080,1,145,21:25,14
3081,1,302,17:10,2
3082,2,467,11:35,7
3083,1,96,20:40,12
3084,1,38,10:15,5
3085,2,443,12:00,5
3086,1,633,20:50,11
3087,1,401,09:55,1
3088,1,406,17:20,8
3089,2,499,14:45,9
3090,2,123,20:35,1
3091,2,530,09:45,3
3092,2,123,22:05,9
3093,1,622,13:30,14
3094,2,152,10:50,3
3095,2,207,12:10,7
3096,1,87,11:10,5
3097,2,40,13:30,2
3098,2,412,20:00,4
3099,2,403,13:05,14
3100,2,207,15:20,1
3101,2,229,18:00,14
3102,1,412,11:00,11
3103,1,92,12:00,2
3104,1,638,09:05,10
3105,2,628,12:35,14
3106,2,169,17:45,11
3107,1,404,20:30,4
3108,2,277,13:20,7
3109,1,507,18:15,13
3110,2,461,16:30,13
3111,1,265,16:05,14
3112,1,662,10:10,6
3113,1,425,11:20,7
3114,1,341,16:35,6
3115,1,95,17:15,14
3116,2,35,09:05,6
3117,1,10,19:10,2
3118,1,595,13:20,3
3119,1,604,15:10,11
3120,2,487,14:45,1
3121,1,215,09:40,8
3122,1,24,09:35,7
3123,1,45,17:20,12
3124,1,330,11:45,6
3125,2,189,10:05,14
3126,1,668,11:15,7
3127,2,461,14:10,7
3128,2,459,14:20,13
3129,2,321,11:30,6
3130,2,359,15:10,4
3131,1,518,12:15,1
3132,2,538,11:00,1
3133,1,133,11:25,14
3134,2,340,17:00,5
3135,2,252,18:20,5
3136,1,600,08:25,6
3137,1,418,11:15,14
3138,2,48,11:30,11
3139,1,119,07:35,9
3140,1,569,08:20,5
3141,1,122,15:50,13
3142,2,340,13:15,2
3143,1,272,11:20,6
3144,1,116,11:05,11
3145,1,112,08:15,5
3146,1,600,17:15,1
3147,2,434,14:40,9
3148,2,215,14:10,9
3149,1,121,20:50,14
3150,2,145,19:35,8
3151,2,296,12:30,8
3152,2,168,08:10,1
3153,1,232,19:10,6
3154,1,603,09:25,3
3155,2,352,09:20,14
3156,1,181,17:35,9
3157,2,444,22:00,1
3158,1,90,14:10,14
3159,2,436,10:25,4
3160,1,427,10:10,9
3161,1,6,12:15,4
3162,2,556,14:05,14
3163,2,104,11:15,7
3164,1,513,15:55,11
3165,2,612,10:35,9
3166,1,623,19:05,10
3167,1,289,21:20,4
3168,2,244,18:25,11
3169,1,266,19:55,11
3170,1,62,21:35,11
3171,2,442,07:25,3
3172,1,450,11:45,7
3173,2,249,21:05,2
3174,2,517,20:05,7
3175,1,112,18:00,1
3176,1,94,19:05,3
3177,1,327,18:15,13
3178,1,570,17:20,7
3179,1,289,19:15,3
3180,1,129,10:30,2
3181,2,506,18:25,1
3182,1,484,17:55,10
3183,2,493,11:45,14
3184,2,76,18:35,3
3185,2,288,12:25,5
3186,2,259,10:05,12
3187,2,272,17:05,12
3188,1,596,18:10,12
3189,1,4,08:15,13
3190,1,80,12:15,13
3191,2,319,14:40,12
3192,1,492,09:00,1
3193,1,44,12:40,12
3194,2,234,22:20,11
3195,2,105,19:45,7
3196,1,81,19:45,9
3197,1,582,09:00,2
3198,2,225,20:35,10
3199,1,541,18:05,11
3200,2,655,08:15,2
3201,2,142,12:15,14
3202,1,164,07:05,3
3203,2,20,07:30,3
3204,1,382,20:25,3
3205,2,31,20:25,2
3206,2,139,16:05,1
3207,2,342,21:50,11
3208,2,143,18:50,11
3209,1,481,21:20,4
3210,1,344,11:55,3
3211,1,156,12:40,7
3212,2,256,16:25,1
3213,2,244,15:30,12
3214,1,46,11:10,6
3215,2,186,09:00,11
3216,1,4,20:00,2
3217,2,609,14:35,9
3218,1,325,21:40,12
3219,1,65,14:00,6
3220,2,261,07:35,7
3221,1,329,20:50,12
3222,1,341,09:35,6
3223,2,59,16:35,13
3224,1,496,11:05,8
3225,2,222,09:25,5
3226,2,328,21:30,11
3227,1,455,10:35,13
3228,1,359,09:25,6
3229,1,208,15:05,3
3230,1,398,11:00,5
3231,2,255,20:15,2
3232,1,478,21:30,12
3233,1,296,10:30,9
3234,1,216,08:50,2
3235,1,160,21:30,4
3236,2,407,12:45,2
3237,2,530,09:40,12
3238,1,257,22:15,7
3239,1,123,21:50,14
3240,2,328,07:25,9
3241,2,531,16:35,9
3242,1,385,18:15,11
3243,1,32,10:15,8
3244,1,76,22:35,6
3245,2,120,18:05,4
3246,2,308,20:15,10
3247,1,428,08:05,13
3248,1,492,16:35,14
3249,2,642,19:30,14
3250,2,387,12:30,1
3251,1,191,12:35,8
3252,2,620,12:20,10
3253,2,289,12:05,10
3254,1,432,16:05,12
3255,2,502,07:40,6
3256,1,454,17:00,9
3257,2,334,12:00,5
3258,2,149,15:25,12
3259,2,633,10:00,1
3260,1,434,15:55,4
3261,2,440,21:05,7
3262,1,239,07:35,1
3263,1,8,08:10,4
3264,1,616,12:50,11
3265,1,543,21:10,1
3266,2,352,13:35,1
3267,2,331,19:45,2
3268,1,400,09:50,13
3269,2,396,15:05,10
3270,1,640,20:35,13
3271,1,174,21:25,10
3272,1,485,09:05,3
3273,2,557,08:55,1
3274,2,153,19:35,9
3275,1,65,15:10,5
3276,1,42,21:30,13
3277,2,168,11:35,4
3278,2,388,14:30,1
3279,2,489,09:05,8
3280,2,205,17:45,10
3281,1,210,09:15,13
3282,2,78,18:20,4
3283,1,336,17:30,9
3284,2,242,14:35,9
3285,1,428,07:40,3
3286,2,210,19:30,10
3287,1,558,12:40,11
3288,2,101,12:00,11
3289,1,280,10:25,6
3290,1,410,18:25,4
3291,2,140,22:00,4
3292,2,362,20:00,5
3293,2,471,11:30,11
3294,1,241,13:00,3
3295,1,139,08:50,14
3296,2,522,14:25,8
3297,1,529,09:10,13
3298,2,649,13:05,3
3299,1,664,10:20,14
3300,2,172,20:40,12
3301,1,139,09:35,9
3302,1,101,12:00,6
3303,1,60,21:20,1
3304,2,659,07:45,6
3305,2,27,20:25,4
3306,2,378,16:30,3
3307,2,547,15:10,13
3308,2,411,09:10,4
3309,2,54,21:55,10
3310,1,173,15:10,2
3311,1,147,15:15,3
3312,1,193,17:20,6
3313,1,571,12:15,9
3314,2,385,08:35,9
3315,1,329,21:50,9
3316,2,4,20:00,5
3317,1,145,19:55,11
3318,2,546,18:20,2
3319,2,50,21:10,14
3320,2,111,13:05,10
3321,1,513,15:10,9
3322,2,377,20:00,10
3323,1,307,21:40,9
3324,1,396,21:10,14
3325,1,298,15:55,9
3326,2,10,08:30,2
3327,1,417,13:55,5
3328,2,350,19:40,1
3329,1,564,16:50,14
3330,1,346,08:20,7
3331,2,101,08:05,8
3332,1,254,16:20,4
3333,2,484,15:15,6
3334,2,97,09:55,2
3335,2,202,21:15,9
3336,1,447,15:35,13
3337,2,593,21:10,13
3338,1,625,14:50,13
3339,2,72,11:40,3
3340,2,657,08:25,6
3341,1,285,20:25,3
3342,2,178,20:35,10
3343,1,245,13:15,1
3344,2,249,12:25,12
3345,1,119,15:05,11
3346,1,101,13:25,4
3347,1,422,14:35,6
3348,1,546,11:40,10
3349,2,290,07:20,9
3350,1,313,21:10,2
3351,2,324,11:30,2
3352,1,396,16:25,1
3353,1,558,17:00,10
3354,1,548,13:10,14
3355,1,446,20:25,5
3356,1,127,18:55,1
3357,2,572,08:40,13
3358,2,346,08:40,14
3359,1,590,19:20,1
3360,1,544,17:30,2
3361,2,194,09:00,5
3362,2,196,11:00,4
3363,2,579,20:35,4
3364,2,256,16:35,7
3365,2,450,16:20,2
3366,1,621,18:35,3
3367,2,373,15:05,5
3368,1,640,09:20,2
3369,2,176,17:20,10
3370,2,272,19:20,4
3371,1,574,09:00,11
3372,1,8,16:00,8
3373,2,69,11:55,2
3374,2,214,21:20,3
3375,1,423,09:30,3
3376,1,266,17:35,12
3377,2,467,10:55,6
3378,1,442,15:25,5
3379,2,101,16:35,1
3380,1,652,21:05,6
3381,1,289,13:05,11
3382,1,368,14:15,8
3383,1,508,21:15,7
3384,2,366,14:30,14
3385,2,614,07:10,4
3386,1,167,22:30,13
3387,2,57,19:05,2
3388,1,543,18:00,3
3389,2,612,20:10,7
3390,2,140,13:40,14
3391,1,490,18:25,3
3392,1,460,13:10,14
3393,2,648,21:40,8
3394,1,5,19:05,7
3395,1,165,12:20,11
3396,1,336,18:05,13
3397,1,164,09:25,1
3398,2,296,12:55,4
3399,2,250,17:40,6
3400,1,248,10:10,2
3401,2,505,16:05,13
3402,2,563,17:40,14
3403,1,439,15:35,4
3404,2,26,12:35,7
3405,2,552,09:15,2
3406,1,235,11:05,7
3407,1,224,13:30,10
3408,1,402,07:00,12
3409,2,203,07:05,11
3410,2,617,08:55,9
3411,1,47,09:00,13
3412,2,530,14:30,10
3413,2,300,12:15,8
3414,2,242,10:45,1
3415,1,152,12:40,11
3416,1,436,20:30,4
3417,1,215,21:20,13
3418,1,35,09:25,10
3419,2,378,21:40,12
3420,1,585,13:20,3
3421,2,339,12:25,7
3422,2,417,11:40,1
3423,2,208,07:55,13
3424,2,54,19:40,7
3425,2,134,12:00,9
3426,1,39,18:50,6
3427,2,147,16:40,13
3428,1,636,09:50,3
3429,2,197,13:35,5
3430,2,211,15:10,3
3431,1,89,11:05,13
3432,1,187,20:25,14
3433,1,354,20:25,2
3434,2,409,12:05,9
3435,2,355,19:00,5
3436,1,440,20:10,7
3437,1,559,16:25,1
3438,2,295,08:05,14
3439,2,138,19:25,12
3440,2,421,21:45,2
3441,1,511,09:40,14
3442,1,536,13:05,5
3443,1,437,14:40,4
3444,2,108,11:05,2
3445,1,496,20:00,4
3446,2,489,11:10,5
3447,2,600,19:25,9
3448,1,577,18:25,2
3449,1,598,16:35,1
3450,2,435,17:10,5
3451,1,142,19:50,4
3452,2,159,15:40,3
3453,1,87,12:00,14
3454,1,3,18:25,11
3455,1,541,12:05,8
3456,2,612,10:50,3
3457,2,228,08:10,14
3458,1,661,22:25,2
3459,1,394,15:30,7
3460,1,205,08:25,4
3461,2,181,09:00,7
3462,2,141,14:45,6
3463,1,592,09:20,8
3464,1,296,08:25,13
3465,1,473,16:35,9
3466,2,5,17:15,2
3467,2,39,08:10,6
3468,2,82,09:55,11
3469,2,254,10:25,3
3470,1,10,15:40,13
3471,2,83,20:55,4
3472,1,197,14:15,11
3473,2,591,09:40,7
3474,1,109,11:00,3
3475,1,533,18:40,12
3476,1,446,16:35,6
3477,2,668,08:55,11
3478,1,201,10:40,11
3479,1,121,11:45,5
3480,1,441,16:45,9
3481,1,658,15:45,4
3482,2,70,19:55,4
3483,2,635,21:20,4
3484,2,42,15:15,7
3485,2,386,13:30,8
3486,2,457,11:20,13
3487,1,467,16:20,3
3488,2,133,15:55,10
3489,2,618,08:15,3
3490,1,538,08:45,8
3491,2,508,19:20,12
3492,1,275,13:05,11
3493,2,132,20:00,11
3494,1,660,10:15,14
3495,1,577,21:05,14
3496,1,431,12:35,12
3497,1,621,07:45,4
3498,1,554,19:30,11
3499,2,657,08:10,13
3500,2,571,15:15,3
3501,1,543,17:20,10
3502,2,444,09:10,11
3503,1,325,15:05,9
3504,2,478,13:30,2
3505,2,354,18:10,10
3506,2,274,18:05,14
3507,2,152,07:05,13
3508,2,79,13:40,2
3509,2,664,18:55,2
3510,1,253,13:40,3
3511,2,236,14:10,9
3512,2,309,15:05,7
3513,2,269,16:45,10
3514,1,275,14:20,14
3515,2,659,10:15,3
3516,2,1,16:35,11
3517,2,423,18:50,13
3518,2,148,14:20,10
3519,1,6,14:25,4
3520,1,5,20:40,12
3521,1,420,08:20,3
3522,2,528,09:25,4
3523,2,156,12:50,3
3524,1,398,17:10,14
3525,2,167,08:05,1
3526,1,144,08:10,2
3527,1,227,11:25,13
3528,1,93,15:50,5
3529,2,127,13:45,11
3530,1,289,08:20,6
3531,1,177,13:50,11
3532,2,14,15:35,9
3533,2,252,07:30,10
3534,1,643,19:30,1
3535,2,256,14:35,9
3536,1,512,11:40,12
3537,1,198,19:15,7
3538,2,10,09:20,12
3539,1,183,13:00,6
3540,1,58,20:05,1
3541,1,647,14:00,14
3542,1,258,21:25,1
3543,1,414,10:20,8
3544,1,345,18:10,11
3545,2,249,10:30,3
3546,1,373,10:20,5
3547,2,463,12:35,14
3548,1,229,22:05,1
3549,1,296,10:55,4
3550,2,67,18:10,10
3551,2,345,17:25,10
3552,2,9,19:10,5
3553,1,121,10:25,14
3554,2,249,09:10,7
3555,1,665,17:55,1
3556,1,156,12:15,13
3557,1,249,20:30,7
3558,1,466,18:10,2
3559,1,494,15:30,2
3560,1,61,14:30,5
3561,2,496,18:20,12
3562,2,50,20:00,4
3563,1,392,14:25,4
3564,1,575,16:35,2
3565,1,644,14:30,2
3566,1,237,08:35,7
3567,1,120,11:00,11
3568,2,459,08:05,3
3569,1,161,07:10,10
3570,1,459,12:30,11
3571,1,122,09:20,3
3572,2,132,09:30,10
3573,2,228,07:45,10
3574,2,188,14:45,2
3575,1,653,20:30,8
3576,1,50,21:25,14
3577,1,228,10:20,6
3578,2,614,12:50,11
3579,1,66,13:35,5
3580,2,440,20:55,13
3581,1,105,20:55,8
3582,2,150,18:10,3
3583,1,663,19:45,12
3584,1,414,20:30,4
3585,1,190,07:00,2
3586,2,191,14:15,12
3587,1,501,15:15,5
3588,1,557,21:50,11
3589,1,89,18:00,9
3590,2,208,21:00,9
3591,2,318,10:35,10
3592,2,309,18:00,5
3593,1,63,17:00,11
3594,1,181,19:05,13
3595,2,124,08:30,2
3596,1,121,09:15,7
3597,2,258,18:40,13
3598,2,221,14:15,9
3599,2,447,10:00,2
3600,1,452,13:45,11
3601,2,438,09:05,13
3602,1,581,19:25,1
3603,1,232,15:00,14
3604,1,182,13:20,3
3605,1,256,18:45,2
3606,2,299,12:15,7
3607,1,30,12:50,3
3608,1,16,22:20,10
3609,1,361,08:50,13
3610,2,276,12:30,3
3611,2,46,20:15,8
3612,1,268,18:30,11
3613,1,618,19:15,12
3614,2,379,15:30,14
3615,1,390,12:00,3
3616,1,40,13:25,4
3617,1,609,11:35,1
3618,1,206,22:05,2
3619,2,315,09:05,1
3620,2,178,17:35,8
3621,1,238,20:55,3
3622,1,319,13:05,11
3623,2,475,12:10,10
3624,1,61,18:05,14
3625,1,203,13:20,10
3626,2,38,09:35,4
3627,2,306,11:30,5
3628,2,624,21:20,5
3629,1,310,18:20,13
3630,2,42,17:15,4
3631,2,470,16:50,12
3632,2,619,11:20,13
3633,2,516,21:15,9
3634,1,73,09:10,9
3635,2,583,20:25,5
3636,2,250,18:55,10
3637,1,219,20:35,10
3638,2,494,21:55,7
3639,2,125,13:10,7
3640,1,527,11:25,6
3641,1,451,19:55,7
3642,1,77,15:40,12
3643,2,572,18:30,4
3644,2,652,15:20,8
3645,1,635,11:30,8
3646,2,660,18:25,1
3647,2,340,11:20,7
3648,2,108,08:10,4
3649,1,358,19:25,11
3650,2,127,12:00,14
3651,1,262,08:45,6
3652,2,469,20:15,3
3653,2,242,18:30,7
3654,2,275,14:45,9
3655,1,604,18:15,10
3656,2,498,10:25,7
3657,2,12,18:20,4
3658,1,41,13:25,9
3659,2,382,16:15,3
3660,2,355,21:05,7
3661,2,491,10:25,3
3662,1,4,12:30,10
3663,2,616,22:05,10
3664,2,128,18:30,6
3665,1,474,10:15,5
3666,1,602,12:05,4
3667,2,321,19:10,13
3668,2,139,18:15,12
3669,1,25,14:15,2
3670,1,519,10:20,14
3671,2,605,19:35,10
3672,1,350,08:15,2
3673,1,57,15:35,13
3674,2,624,09:20,1
3675,1,617,13:40,7
3676,1,453,11:10,13
3677,2,38,11:40,5
3678,2,571,14:15,10
3679,1,576,16:40,8
3680,1,407,22:35,13
3681,1,331,11:05,14
3682,1,69,20:15,7
3683,2,538,21:35,7
3684,2,510,10:30,3
3685,2,276,11:35,4
3686,1,264,08:35,14
3687,1,321,10:10,3
3688,2,57,07:30,6
3689,2,210,13:05,12
3690,1,566,10:50,5
3691,2,604,11:15,9
3692,2,113,22:35,6
3693,1,639,20:30,11
3694,1,181,12:35,1
3695,1,183,15:05,1
3696,2,74,21:50,5
3697,2,371,19:40,5
3698,1,35,08:45,10
3699,2,536,18:35,14
3700,2,559,18:05,6
3701,1,20,21:30,9
3702,1,420,09:35,2
3703,2,644,13:45,1
3704,2,119,19:05,2
3705,1,121,11:25,10
3706,2,614,08:30,11
3707,1,145,10:25,13
3708,2,525,17:25,13
3709,1,313,21:20,3
3710,1,663,13:30,7
3711,1,310,12:20,6
3712,1,575,08:45,6
3713,1,120,08:00,4
3714,2,7,10:25,10
3715,2,567,14:35,6
3716,2,221,08:25,5
3717,1,423,11:10,3
3718,2,127,21:10,8
3719,2,217,07:25,7
3720,1,224,19:45,7
3721,1,571,22:15,9
3722,2,412,21:30,4
3723,2,472,11:25,7
3724,1,517,08:55,11
3725,1,237,19:20,3
3726,2,549,14:15,8
3727,1,367,09:15,10
3728,2,552,20:40,1
3729,2,529,19:00,11
3730,1,397,13:30,10
3731,2,93,08:35,11
3732,2,207,18:00,7
3733,1,447,12:40,14
3734,1,320,20:55,6
3735,1,208,13:30,2
3736,1,338,10:10,5
3737,2,149,17:55,11
3738,1,180,13:30,3
3739,2,58,20:05,5
3740,2,658,16:35,7
3741,2,490,11:40,10
3742,1,602,21:30,6
3743,1,246,18:00,12
3744,2,87,19:10,1
3745,2,380,22:35,1
3746,1,600,07:15,3
3747,2,189,14:15,13
3748,2,454,10:15,1
3749,2,188,10:35,11
3750,2,146,14:00,3
3751,1,131,14:15,11
3752,2,142,09:15,2
3753,1,402,08:10,14
3754,1,37,11:25,8
3755,2,601,10:30,9
3756,2,129,17:35,9
3757,2,617,19:10,13
3758,1,257,14:05,5
3759,1,326,09:40,1
3760,2,126,08:10,11
3761,1,253,13:40,5
3762,2,197,16:05,4
3763,2,56,11:05,1
3764,1,658,20:55,14
3765,1,299,13:15,10
3766,1,215,13:45,10
3767,1,130,09:15,2
3768,1,70,13:25,3
3769,1,293,13:40,8
3770,1,246,10:30,5
3771,1,287,08:15,4
3772,2,351,10:25,3
3773,2,296,13:00,12
3774,2,193,09:20,14
3775,1,66,20:15,3
3776,2,633,20:35,11
3777,2,197,20:35,6
3778,1,304,18:40,14
3779,2,252,14:20,4
3780,1,112,13:45,11
3781,2,272,07:00,2
3782,1,135,17:25,4
3783,1,475,09:00,5
3784,2,595,16:45,13
3785,2,233,17:30,10
3786,1,66,22:20,14
3787,1,276,20:10,8
3788,2,401,08:10,5
3789,1,167,08:15,8
3790,2,253,17:25,11
3791,1,410,20:10,7
3792,1,645,19:00,10
3793,2,167,11:25,5
3794,1,144,12:35,14
3795,2,12,17:25,8
3796,1,165,12:00,1
3797,1,158,09:10,11
3798,1,563,15:00,14
3799,2,603,07:05,5
3800,2,369,09:25,8
3801,2,303,17:25,4
3802,2,437,12:10,14
3803,1,34,21:15,1
3804,1,128,20:00,7
3805,2,631,08:20,3
3806,1,403,20:10,10
3807,2,483,21:25,11
3808,1,55,10:35,10
3809,1,370,13:00,1
3810,2,367,14:35,9
3811,2,472,10:00,8
3812,2,283,21:55,3
3813,1,153,11:35,2
3814,1,465,10:40,7
3815,1,128,18:10,10
3816,1,156,16:05,4
3817,2,345,17:35,2
3818,2,42,12:45,13
3819,1,249,20:35,9
3820,1,326,12:55,5
3821,1,660,14:20,6
3822,1,157,09:50,11
3823,1,102,12:30,7
3824,2,618,10:50,9
3825,2,93,20:20,3
3826,2,412,16:50,1
3827,1,342,08:10,2
3828,2,516,18:00,13
3829,2,371,13:05,4
3830,2,107,11:15,11
3831,2,263,12:00,3
3832,2,330,18:35,9
3833,2,634,17:55,2
3834,2,306,20:00,6
3835,1,276,17:25,6
3836,1,344,18:00,12
3837,2,307,21:30,5
3838,1,420,21:15,10
3839,1,429,20:30,4
3840,2,25,11:45,13
3841,2,522,12:00,1
3842,2,274,09:50,1
3843,2,213,14:30,12
3844,2,363,10:25,13
3845,1,576,16:45,2
3846,2,260,14:15,3
3847,2,182,15:05,7
3848,2,414,20:45,13
3849,1,614,21:10,7
3850,2,657,07:15,10
3851,1,556,17:00,7
3852,2,553,10:30,10
3853,1,474,19:30,9
3854,1,551,20:00,4
3855,1,105,22:20,11
3856,2,354,19:15,3
3857,2,501,15:10,14
3858,1,599,10:00,12
3859,1,267,08:15,7
3860,1,531,18:25,2
3861,2,461,12:10,13
3862,1,338,16:50,1
3863,1,660,10:05,12
3864,2,296,09:20,2
3865,2,562,17:40,12
3866,1,281,12:55,6
3867,1,48,10:10,7
3868,2,37,22:05,3
3869,1,95,21:25,4
3870,1,654,08:25,11
3871,1,341,17:05,8
3872,1,86,08:20,4
3873,1,376,13:30,6
3874,1,252,13:55,9
3875,2,367,10:30,7
3876,2,425,10:05,10
3877,1,454,14:25,11
3878,2,608,20:10,12
3879,1,603,20:35,13
3880,1,397,14:30,11
3881,1,651,09:25,6
3882,1,213,15:10,11
3883,1,35,18:20,7
3884,1,270,19:25,12
3885,1,119,07:25,3
3886,2,376,09:10,5
3887,1,216,11:05,9
3888,2,426,16:25,3
3889,1,334,14:35,6
3890,1,472,14:25,10
3891,2,159,09:10,13
3892,2,478,09:30,13
3893,2,45,21:35,5
3894,1,605,10:00,4
3895,2,241,12:35,13
3896,1,237,08:25,8
3897,1,561,19:40,10
3898,2,565,10:00,11
3899,2,275,21:15,12
3900,1,111,21:55,7
3901,2,233,17:50,13
3902,2,633,18:40,11
3903,1,418,12:20,10
3904,2,579,21:25,10
3905,1,62,13:10,3
3906,2,489,11:05,4
3907,2,57,10:40,12
3908,1,267,17:25,12
3909,2,99,22:10,5
3910,1,615,10:00,13
3911,2,226,20:30,6
3912,1,341,19:00,5
3913,2,352,19:10,12
3914,2,526,15:15,9
3915,1,45,14:10,13
3916,2,550,16:30,4
3917,2,280,19:10,1
3918,2,301,21:15,10
3919,1,542,07:15,11
3920,2,591,10:40,3
3921,2,522,14:30,6
3922,2,478,19:40,4
3923,2,352,21:50,13
3924,1,435,21:45,14
3925,1,171,20:05,7
3926,2,510,19:45,6
3927,2,661,07:20,1
3928,1,565,09:15,8
3929,1,417,18:20,5
3930,2,42,22:00,4
3931,2,595,19:25,3
3932,2,186,14:10,8
3933,2,473,21:30,5
3934,1,158,19:20,10
3935,1,442,17:30,8
3936,1,441,20:00,10
3937,2,227,13:40,5
3938,1,224,18:10,1
3939,1,219,15:30,1
3940,2,548,17:10,5
3941,1,14,14:45,2
3942,2,643,20:25,8
3943,2,631,12:35,10
3944,1,198,11:00,14
3945,1,558,15:25,3
3946,1,147,12:50,5
3947,2,623,17:15,11
3948,2,440,21:10,10
3949,1,45,09:00,14
3950,2,165,18:30,9
3951,1,623,17:10,8
3952,1,644,16:25,8
3953,1,158,14:00,8
3954,1,438,07:15,12
3955,2,53,08:15,13
3956,1,337,20:25,2
3957,2,152,18:10,1
3958,1,318,13:25,12
3959,1,74,20:30,2
3960,1,219,07:10,12
3961,2,7,09:30,6
3962,1,406,14:25,6
3963,2,154,12:35,9
3964,1,604,16:00,2
3965,1,531,12:15,13
3966,1,301,10:20,3
3967,1,259,18:55,9
3968,1,108,21:20,7
3969,2,238,19:55,11
3970,1,594,14:30,12
3971,2,341,14:20,1
3972,2,294,14:05,2
3973,2,305,21:20,9
3974,1,505,11:30,8
3975,1,473,21:00,14
3976,2,165,19:10,1
3977,1,182,18:15,4
3978,2,36,11:10,3
3979,1,471,07:00,7
3980,2,314,08:35,11
3981,1,256,11:35,2
3982,1,129,11:20,7
3983,1,273,10:25,3
3984,2,265,15:00,10
3985,2,271,07:40,2
3986,1,21,10:40,13
3987,1,131,19:35,11
3988,2,346,11:50,10
3989,2,432,14:10,2
3990,2,421,18:10,8
3991,2,101,14:00,1
3992,1,104,07:35,6
3993,2,409,12:00,3
3994,2,300,15:30,7
3995,1,1,14:25,8
3996,2,26,12:15,6
3997,1,72,09:45,9
3998,2,372,08:15,5
3999,1,75,13:30,8
4000,1,145,14:55,1
